fecha,pais,canal,gasto,id_campaña
2025-01-01,Argentina,organic,1365.62,organic_Argentina
2025-01-01,Argentina,paid_search,1282.65,paid_search_Argentina
2025-01-01,Argentina,social,1534.69,social_Argentina
2025-01-01,Colombia,organic,2597.21,organic_Colombia
2025-01-01,Colombia,paid_search,1771.4,paid_search_Colombia
2025-01-01,Colombia,social,833.38,social_Colombia
2025-01-01,México,organic,2446.25,organic_Mexico
2025-01-01,México,paid_search,2704.34,paid_search_Mexico
2025-01-01,México,social,2045.01,social_Mexico
2025-01-02,Argentina,organic,2295.15,organic_Argentina
2025-01-02,Argentina,paid_search,2114.02,paid_search_Argentina
2025-01-02,Argentina,social,1020.97,social_Argentina
2025-01-02,Colombia,organic,1020.04,organic_Colombia
2025-01-02,Colombia,paid_search,1573.18,paid_search_Colombia
2025-01-02,Colombia,social,726.68,social_Colombia
2025-01-02,México,organic,2537.38,organic_Mexico
2025-01-02,México,paid_search,1689.07,paid_search_Mexico
2025-01-02,México,social,2413.74,social_Mexico
2025-01-03,Argentina,organic,2303.86,organic_Argentina
2025-01-03,Argentina,paid_search,682.52,paid_search_Argentina
2025-01-03,Argentina,social,1483.57,social_Argentina
2025-01-03,Colombia,organic,695.69,organic_Colombia
2025-01-03,Colombia,paid_search,603.17,paid_search_Colombia
2025-01-03,Colombia,social,1055.99,social_Colombia
2025-01-03,México,organic,607.52,organic_Mexico
2025-01-03,México,paid_search,690.46,paid_search_Mexico
2025-01-03,México,social,2875.31,social_Mexico
2025-01-04,Argentina,organic,1056.76,organic_Argentina
2025-01-04,Argentina,paid_search,1025.27,paid_search_Argentina
2025-01-04,Argentina,social,964.01,social_Argentina
2025-01-04,Colombia,organic,1743.33,organic_Colombia
2025-01-04,Colombia,paid_search,2167.46,paid_search_Colombia
2025-01-04,Colombia,social,2524.27,social_Colombia
2025-01-04,México,organic,1451.23,organic_Mexico
2025-01-04,México,paid_search,2001.64,paid_search_Mexico
2025-01-04,México,social,1504.53,social_Mexico
2025-01-05,Argentina,organic,2733.78,organic_Argentina
2025-01-05,Argentina,paid_search,727.99,paid_search_Argentina
2025-01-05,Argentina,social,765.51,social_Argentina
2025-01-05,Colombia,organic,2082.49,organic_Colombia
2025-01-05,Colombia,paid_search,2519.19,paid_search_Colombia
2025-01-05,Colombia,social,1297.61,social_Colombia
2025-01-05,México,organic,551.18,organic_Mexico
2025-01-05,México,paid_search,1023.54,paid_search_Mexico
2025-01-05,México,social,2337.62,social_Mexico
2025-01-06,Argentina,organic,2356.84,organic_Argentina
2025-01-06,Argentina,paid_search,1572.76,paid_search_Argentina
2025-01-06,Argentina,social,532.18,social_Argentina
2025-01-06,Colombia,organic,1963.21,organic_Colombia
2025-01-06,Colombia,paid_search,2722.75,paid_search_Colombia
2025-01-06,Colombia,social,2865.75,social_Colombia
2025-01-06,México,organic,1258.58,organic_Mexico
2025-01-06,México,paid_search,2832.68,paid_search_Mexico
2025-01-06,México,social,2255.35,social_Mexico
2025-01-07,Argentina,organic,1682.92,organic_Argentina
2025-01-07,Argentina,paid_search,2181.47,paid_search_Argentina
2025-01-07,Argentina,social,1265.21,social_Argentina
2025-01-07,Colombia,organic,1869.52,organic_Colombia
2025-01-07,Colombia,paid_search,1959.43,paid_search_Colombia
2025-01-07,Colombia,social,2239.17,social_Colombia
2025-01-07,México,organic,2515.54,organic_Mexico
2025-01-07,México,paid_search,1133.93,paid_search_Mexico
2025-01-07,México,social,1994.01,social_Mexico
2025-01-08,Argentina,organic,1725.48,organic_Argentina
2025-01-08,Argentina,paid_search,2558.56,paid_search_Argentina
2025-01-08,Argentina,social,2136.17,social_Argentina
2025-01-08,Colombia,organic,2297.81,organic_Colombia
2025-01-08,Colombia,paid_search,1949.01,paid_search_Colombia
2025-01-08,Colombia,social,2038.05,social_Colombia
2025-01-08,México,organic,2879.73,organic_Mexico
2025-01-08,México,paid_search,1003.16,paid_search_Mexico
2025-01-08,México,social,1147.28,social_Mexico
2025-01-09,Argentina,organic,2418.51,organic_Argentina
2025-01-09,Argentina,paid_search,2456.48,paid_search_Argentina
2025-01-09,Argentina,social,1398.62,social_Argentina
2025-01-09,Colombia,organic,1560.15,organic_Colombia
2025-01-09,Colombia,paid_search,1114.57,paid_search_Colombia
2025-01-09,Colombia,social,935.34,social_Colombia
2025-01-09,México,organic,2649.2,organic_Mexico
2025-01-09,México,paid_search,1993.03,paid_search_Mexico
2025-01-09,México,social,2144.51,social_Mexico
2025-01-10,Argentina,organic,2169.85,organic_Argentina
2025-01-10,Argentina,paid_search,2767.74,paid_search_Argentina
2025-01-10,Argentina,social,799.02,social_Argentina
2025-01-10,Colombia,organic,1891.16,organic_Colombia
2025-01-10,Colombia,paid_search,2563.75,paid_search_Colombia
2025-01-10,Colombia,social,2625.36,social_Colombia
2025-01-10,México,organic,2468.1,organic_Mexico
2025-01-10,México,paid_search,2625.72,paid_search_Mexico
2025-01-10,México,social,2722.09,social_Mexico
2025-01-11,Argentina,Sin Canal,849.7,social_Argentina
2025-01-11,Argentina,organic,1321.93,organic_Argentina
2025-01-11,Argentina,paid_search,1734.96,paid_search_Argentina
2025-01-11,Colombia,organic,683.97,organic_Colombia
2025-01-11,Colombia,paid_search,1555.56,paid_search_Colombia
2025-01-11,Colombia,social,2210.19,social_Colombia
2025-01-11,México,organic,2383.14,organic_Mexico
2025-01-11,México,paid_search,2096.82,paid_search_Mexico
2025-01-11,México,social,2459.36,social_Mexico
2025-01-12,Argentina,Sin Canal,4999.23,organic_Argentina
2025-01-12,Colombia,Sin Canal,4115.24,organic_Colombia
2025-01-12,México,Sin Canal,4955.110000000001,organic_Mexico
2025-01-13,Argentina,Sin Canal,6592.23,organic_Argentina
2025-01-13,Colombia,Sin Canal,5296.360000000001,organic_Colombia
2025-01-13,México,Sin Canal,7329.56,organic_Mexico
2025-01-14,Argentina,Sin Canal,5916.49,organic_Argentina
2025-01-14,Colombia,Sin Canal,4316.55,organic_Colombia
2025-01-14,México,Sin Canal,5702.4400000000005,organic_Mexico
2025-01-15,Argentina,Sin Canal,3672.5699999999997,organic_Argentina
2025-01-15,Colombia,Sin Canal,3475.9399999999996,organic_Colombia
2025-01-15,México,Sin Canal,5075.07,organic_Mexico
2025-01-16,Argentina,Sin Canal,4940.68,organic_Argentina
2025-01-16,Colombia,Sin Canal,6098.68,organic_Colombia
2025-01-16,México,Sin Canal,5282.6900000000005,organic_Mexico
2025-01-17,Argentina,Sin Canal,6681.7300000000005,organic_Argentina
2025-01-17,Colombia,Sin Canal,5105.57,organic_Colombia
2025-01-17,México,Sin Canal,4674.83,organic_Mexico
2025-01-18,Argentina,Sin Canal,5707.64,organic_Argentina
2025-01-18,Colombia,Sin Canal,5159.56,organic_Colombia
2025-01-18,México,Sin Canal,4508.24,organic_Mexico
2025-01-19,Argentina,Sin Canal,6680.29,organic_Argentina
2025-01-19,Colombia,Sin Canal,5297.4400000000005,organic_Colombia
2025-01-19,México,Sin Canal,4387.87,organic_Mexico
2025-01-20,Argentina,Sin Canal,4485.2,organic_Argentina
2025-01-20,Colombia,Sin Canal,6449.68,organic_Colombia
2025-01-20,México,Sin Canal,4000.6099999999997,organic_Mexico
2025-01-21,Argentina,Sin Canal,5196.06,organic_Argentina
2025-01-21,Colombia,Sin Canal,3889.2300000000005,organic_Colombia
2025-01-21,México,Sin Canal,6873.46,organic_Mexico
2025-01-22,Argentina,Sin Canal,4751.61,organic_Argentina
2025-01-22,Colombia,Sin Canal,4781.39,organic_Colombia
2025-01-22,México,Sin Canal,6952.3099999999995,organic_Mexico
2025-01-23,Argentina,organic,1318.27,organic_Argentina
2025-01-23,Argentina,paid_search,2025.48,paid_search_Argentina
2025-01-23,Argentina,social,2264.63,social_Argentina
2025-01-23,Colombia,organic,2438.53,organic_Colombia
2025-01-23,Colombia,paid_search,2834.32,paid_search_Colombia
2025-01-23,Colombia,social,1741.55,social_Colombia
2025-01-23,México,Sin Canal,2977.84,organic_Mexico
2025-01-23,México,paid_search,2763.14,paid_search_Mexico
2025-01-23,México,social,2787.05,social_Mexico
2025-01-24,Argentina,organic,2844.43,organic_Argentina
2025-01-24,Argentina,paid_search,723.81,paid_search_Argentina
2025-01-24,Argentina,social,840.07,social_Argentina
2025-01-24,Colombia,organic,1017.68,organic_Colombia
2025-01-24,Colombia,paid_search,2690.33,paid_search_Colombia
2025-01-24,Colombia,social,979.16,social_Colombia
2025-01-24,México,organic,1072.29,organic_Mexico
2025-01-24,México,paid_search,1903.1,paid_search_Mexico
2025-01-24,México,social,1866.07,social_Mexico
2025-01-25,Argentina,organic,706.53,organic_Argentina
2025-01-25,Argentina,paid_search,1341.83,paid_search_Argentina
2025-01-25,Argentina,social,1963.42,social_Argentina
2025-01-25,Colombia,organic,2182.07,organic_Colombia
2025-01-25,Colombia,paid_search,1469.03,paid_search_Colombia
2025-01-25,Colombia,social,2561.18,social_Colombia
2025-01-25,México,organic,635.56,organic_Mexico
2025-01-25,México,paid_search,723.6,paid_search_Mexico
2025-01-25,México,social,2488.53,social_Mexico
2025-01-26,Argentina,organic,790.43,organic_Argentina
2025-01-26,Argentina,paid_search,714.67,paid_search_Argentina
2025-01-26,Argentina,social,1917.29,social_Argentina
2025-01-26,Colombia,organic,2648.86,organic_Colombia
2025-01-26,Colombia,paid_search,1384.99,paid_search_Colombia
2025-01-26,Colombia,social,1546.59,social_Colombia
2025-01-26,México,organic,1961.97,organic_Mexico
2025-01-26,México,paid_search,2910.94,paid_search_Mexico
2025-01-26,México,social,677.09,social_Mexico
2025-01-27,Argentina,organic,2638.37,organic_Argentina
2025-01-27,Argentina,paid_search,1057.81,paid_search_Argentina
2025-01-27,Argentina,social,1314.09,social_Argentina
2025-01-27,Colombia,organic,2796.75,organic_Colombia
2025-01-27,Colombia,paid_search,1670.47,paid_search_Colombia
2025-01-27,Colombia,social,2609.79,social_Colombia
2025-01-27,México,organic,2383.62,organic_Mexico
2025-01-27,México,paid_search,1658.58,paid_search_Mexico
2025-01-27,México,social,2188.09,social_Mexico
2025-01-28,Argentina,organic,2076.26,organic_Argentina
2025-01-28,Argentina,paid_search,2752.23,paid_search_Argentina
2025-01-28,Argentina,social,2401.3,social_Argentina
2025-01-28,Colombia,organic,2267.3,organic_Colombia
2025-01-28,Colombia,paid_search,1815.67,paid_search_Colombia
2025-01-28,Colombia,social,2860.02,social_Colombia
2025-01-28,México,organic,1632.92,organic_Mexico
2025-01-28,México,paid_search,2647.79,paid_search_Mexico
2025-01-28,México,social,1866.41,social_Mexico
2025-01-29,Argentina,organic,653.88,organic_Argentina
2025-01-29,Argentina,paid_search,2534.82,paid_search_Argentina
2025-01-29,Argentina,social,1400.08,social_Argentina
2025-01-29,Colombia,organic,631.74,organic_Colombia
2025-01-29,Colombia,paid_search,2133.11,paid_search_Colombia
2025-01-29,Colombia,social,1980.84,social_Colombia
2025-01-29,México,organic,1725.01,organic_Mexico
2025-01-29,México,paid_search,691.54,paid_search_Mexico
2025-01-29,México,social,2005.1,social_Mexico
2025-01-30,Argentina,organic,2800.95,organic_Argentina
2025-01-30,Argentina,paid_search,1586.83,paid_search_Argentina
2025-01-30,Argentina,social,952.75,social_Argentina
2025-01-30,Colombia,organic,1448.99,organic_Colombia
2025-01-30,Colombia,paid_search,2969.52,paid_search_Colombia
2025-01-30,Colombia,social,639.94,social_Colombia
2025-01-30,México,organic,1765.35,organic_Mexico
2025-01-30,México,paid_search,1074.75,paid_search_Mexico
2025-01-30,México,social,2735.72,social_Mexico
2025-01-31,Argentina,organic,1154.39,organic_Argentina
2025-01-31,Argentina,paid_search,2531.97,paid_search_Argentina
2025-01-31,Argentina,social,2312.87,social_Argentina
2025-01-31,Colombia,organic,2477.19,organic_Colombia
2025-01-31,Colombia,paid_search,2596.02,paid_search_Colombia
2025-01-31,Colombia,social,549.75,social_Colombia
2025-01-31,México,organic,2058.61,organic_Mexico
2025-01-31,México,paid_search,2068.31,paid_search_Mexico
2025-01-31,México,social,2023.55,social_Mexico
2025-02-01,Argentina,organic,1400.74,organic_Argentina
2025-02-01,Argentina,paid_search,756.3,paid_search_Argentina
2025-02-01,Argentina,social,1098.72,social_Argentina
2025-02-01,Colombia,organic,1829.3,organic_Colombia
2025-02-01,Colombia,paid_search,1079.44,paid_search_Colombia
2025-02-01,Colombia,social,2318.11,social_Colombia
2025-02-01,México,organic,2969.66,organic_Mexico
2025-02-01,México,paid_search,928.49,paid_search_Mexico
2025-02-01,México,social,1511.83,social_Mexico
2025-02-02,Argentina,organic,589.29,organic_Argentina
2025-02-02,Argentina,paid_search,1993.48,paid_search_Argentina
2025-02-02,Argentina,social,2023.65,social_Argentina
2025-02-02,Colombia,organic,1068.9,organic_Colombia
2025-02-02,Colombia,paid_search,1451.38,paid_search_Colombia
2025-02-02,Colombia,social,2918.29,social_Colombia
2025-02-02,México,organic,1684.6,organic_Mexico
2025-02-02,México,paid_search,1879.2,paid_search_Mexico
2025-02-02,México,social,776.24,social_Mexico
2025-02-03,Argentina,organic,2303.33,organic_Argentina
2025-02-03,Argentina,paid_search,2738.63,paid_search_Argentina
2025-02-03,Argentina,social,2289.75,social_Argentina
2025-02-03,Colombia,organic,980.11,organic_Colombia
2025-02-03,Colombia,paid_search,2296.49,paid_search_Colombia
2025-02-03,Colombia,social,1075.63,social_Colombia
2025-02-03,México,organic,1817.79,organic_Mexico
2025-02-03,México,paid_search,2717.61,paid_search_Mexico
2025-02-03,México,social,1180.55,social_Mexico
2025-02-04,Argentina,organic,541.15,organic_Argentina
2025-02-04,Argentina,paid_search,1460.28,paid_search_Argentina
2025-02-04,Argentina,social,2079.35,social_Argentina
2025-02-04,Colombia,organic,624.1,organic_Colombia
2025-02-04,Colombia,paid_search,2179.55,paid_search_Colombia
2025-02-04,Colombia,social,2062.64,social_Colombia
2025-02-04,México,organic,2910.33,organic_Mexico
2025-02-04,México,paid_search,2316.15,paid_search_Mexico
2025-02-04,México,social,2799.33,social_Mexico
2025-02-05,Argentina,organic,512.58,organic_Argentina
2025-02-05,Argentina,paid_search,873.01,paid_search_Argentina
2025-02-05,Argentina,social,2013.74,social_Argentina
2025-02-05,Colombia,organic,1535.18,organic_Colombia
2025-02-05,Colombia,paid_search,1889.29,paid_search_Colombia
2025-02-05,Colombia,social,1873.36,social_Colombia
2025-02-05,México,organic,1174.93,organic_Mexico
2025-02-05,México,paid_search,1361.32,paid_search_Mexico
2025-02-05,México,social,1783.67,social_Mexico
2025-02-06,Argentina,organic,1071.84,organic_Argentina
2025-02-06,Argentina,paid_search,1877.89,paid_search_Argentina
2025-02-06,Argentina,social,1893.3,social_Argentina
2025-02-06,Colombia,organic,2523.37,organic_Colombia
2025-02-06,Colombia,paid_search,2117.79,paid_search_Colombia
2025-02-06,Colombia,social,1320.64,social_Colombia
2025-02-06,México,organic,2981.65,organic_Mexico
2025-02-06,México,paid_search,1668.75,paid_search_Mexico
2025-02-06,México,social,2857.64,social_Mexico
2025-02-07,Argentina,organic,2816.37,organic_Argentina
2025-02-07,Argentina,paid_search,1172.4,paid_search_Argentina
2025-02-07,Argentina,social,662.43,social_Argentina
2025-02-07,Colombia,organic,580.64,organic_Colombia
2025-02-07,Colombia,paid_search,743.45,paid_search_Colombia
2025-02-07,Colombia,social,1398.64,social_Colombia
2025-02-07,México,organic,814.8,organic_Mexico
2025-02-07,México,paid_search,1352.89,paid_search_Mexico
2025-02-07,México,social,2624.95,social_Mexico
2025-02-08,Argentina,organic,547.93,organic_Argentina
2025-02-08,Argentina,paid_search,834.31,paid_search_Argentina
2025-02-08,Argentina,social,1935.15,social_Argentina
2025-02-08,Colombia,organic,2144.04,organic_Colombia
2025-02-08,Colombia,paid_search,2450.33,paid_search_Colombia
2025-02-08,Colombia,social,1692.63,social_Colombia
2025-02-08,México,organic,2607.08,organic_Mexico
2025-02-08,México,paid_search,2913.29,paid_search_Mexico
2025-02-08,México,social,1913.79,social_Mexico
2025-02-09,Argentina,organic,2230.2,organic_Argentina
2025-02-09,Argentina,paid_search,2673.5,paid_search_Argentina
2025-02-09,Argentina,social,2184.79,social_Argentina
2025-02-09,Colombia,organic,2640.56,organic_Colombia
2025-02-09,Colombia,paid_search,2410.17,paid_search_Colombia
2025-02-09,Colombia,social,1907.35,social_Colombia
2025-02-09,México,organic,2516.05,organic_Mexico
2025-02-09,México,paid_search,902.47,paid_search_Mexico
2025-02-09,México,social,2634.84,social_Mexico
2025-02-10,Argentina,organic,2941.11,organic_Argentina
2025-02-10,Argentina,paid_search,1345.46,paid_search_Argentina
2025-02-10,Argentina,social,1172.61,social_Argentina
2025-02-10,Colombia,organic,915.59,organic_Colombia
2025-02-10,Colombia,paid_search,859.55,paid_search_Colombia
2025-02-10,Colombia,social,2126.64,social_Colombia
2025-02-10,México,organic,1115.63,organic_Mexico
2025-02-10,México,paid_search,2079.6,paid_search_Mexico
2025-02-10,México,social,1144.98,social_Mexico
2025-02-11,Argentina,organic,502.2,organic_Argentina
2025-02-11,Argentina,paid_search,2362.95,paid_search_Argentina
2025-02-11,Argentina,social,2051.72,social_Argentina
2025-02-11,Colombia,organic,2639.41,organic_Colombia
2025-02-11,Colombia,paid_search,618.44,paid_search_Colombia
2025-02-11,Colombia,social,710.21,social_Colombia
2025-02-11,México,organic,1766.27,organic_Mexico
2025-02-11,México,paid_search,2947.25,paid_search_Mexico
2025-02-11,México,social,1592.89,social_Mexico
2025-02-12,Argentina,organic,710.09,organic_Argentina
2025-02-12,Argentina,paid_search,2800.0,paid_search_Argentina
2025-02-12,Argentina,social,2499.63,social_Argentina
2025-02-12,Colombia,organic,619.11,organic_Colombia
2025-02-12,Colombia,paid_search,1879.01,paid_search_Colombia
2025-02-12,Colombia,social,1273.91,social_Colombia
2025-02-12,México,organic,2620.43,organic_Mexico
2025-02-12,México,paid_search,2051.25,paid_search_Mexico
2025-02-12,México,social,1340.74,social_Mexico
2025-02-13,Argentina,organic,2321.47,organic_Argentina
2025-02-13,Argentina,paid_search,2240.14,paid_search_Argentina
2025-02-13,Argentina,social,2740.7,social_Argentina
2025-02-13,Colombia,organic,2857.99,organic_Colombia
2025-02-13,Colombia,paid_search,2181.19,paid_search_Colombia
2025-02-13,Colombia,social,2729.66,social_Colombia
2025-02-13,México,organic,1098.11,organic_Mexico
2025-02-13,México,paid_search,2044.97,paid_search_Mexico
2025-02-13,México,social,1917.53,social_Mexico
2025-02-14,Argentina,organic,1673.23,organic_Argentina
2025-02-14,Argentina,paid_search,1583.19,paid_search_Argentina
2025-02-14,Argentina,social,1557.65,social_Argentina
2025-02-14,Colombia,organic,2867.96,organic_Colombia
2025-02-14,Colombia,paid_search,1764.55,paid_search_Colombia
2025-02-14,Colombia,social,2040.07,social_Colombia
2025-02-14,México,organic,1126.83,organic_Mexico
2025-02-14,México,paid_search,1340.47,paid_search_Mexico
2025-02-14,México,social,2572.5,social_Mexico
2025-02-15,Argentina,organic,2602.04,organic_Argentina
2025-02-15,Argentina,paid_search,1053.58,paid_search_Argentina
2025-02-15,Argentina,social,2365.0,social_Argentina
2025-02-15,Colombia,organic,2117.51,organic_Colombia
2025-02-15,Colombia,paid_search,758.91,paid_search_Colombia
2025-02-15,Colombia,social,729.79,social_Colombia
2025-02-15,México,organic,1914.51,organic_Mexico
2025-02-15,México,paid_search,2897.76,paid_search_Mexico
2025-02-15,México,social,1371.24,social_Mexico
2025-02-16,Argentina,organic,1760.75,organic_Argentina
2025-02-16,Argentina,paid_search,539.68,paid_search_Argentina
2025-02-16,Argentina,social,1779.02,social_Argentina
2025-02-16,Colombia,organic,912.29,organic_Colombia
2025-02-16,Colombia,paid_search,1888.79,paid_search_Colombia
2025-02-16,Colombia,social,1464.1,social_Colombia
2025-02-16,México,organic,1692.32,organic_Mexico
2025-02-16,México,paid_search,1076.3,paid_search_Mexico
2025-02-16,México,social,769.42,social_Mexico
2025-02-17,Argentina,organic,2335.15,organic_Argentina
2025-02-17,Argentina,paid_search,2890.61,paid_search_Argentina
2025-02-17,Argentina,social,656.87,social_Argentina
2025-02-17,Colombia,organic,2754.84,organic_Colombia
2025-02-17,Colombia,paid_search,1605.88,paid_search_Colombia
2025-02-17,Colombia,social,1966.1,social_Colombia
2025-02-17,México,organic,1233.12,organic_Mexico
2025-02-17,México,paid_search,2907.02,paid_search_Mexico
2025-02-17,México,social,2796.09,social_Mexico
2025-02-18,Argentina,organic,818.69,organic_Argentina
2025-02-18,Argentina,paid_search,2726.68,paid_search_Argentina
2025-02-18,Argentina,social,1983.84,social_Argentina
2025-02-18,Colombia,organic,520.99,organic_Colombia
2025-02-18,Colombia,paid_search,1339.59,paid_search_Colombia
2025-02-18,Colombia,social,1972.5,social_Colombia
2025-02-18,México,organic,1839.38,organic_Mexico
2025-02-18,México,paid_search,2750.91,paid_search_Mexico
2025-02-18,México,social,870.61,social_Mexico
2025-02-19,Argentina,organic,576.78,organic_Argentina
2025-02-19,Argentina,paid_search,2609.77,paid_search_Argentina
2025-02-19,Argentina,social,932.57,social_Argentina
2025-02-19,Colombia,organic,2218.09,organic_Colombia
2025-02-19,Colombia,paid_search,982.34,paid_search_Colombia
2025-02-19,Colombia,social,1491.12,social_Colombia
2025-02-19,México,organic,2988.32,organic_Mexico
2025-02-19,México,paid_search,2627.93,paid_search_Mexico
2025-02-19,México,social,1960.35,social_Mexico
2025-02-20,Argentina,organic,1285.02,organic_Argentina
2025-02-20,Argentina,paid_search,1975.29,paid_search_Argentina
2025-02-20,Argentina,social,2178.6,social_Argentina
2025-02-20,Colombia,organic,2337.19,organic_Colombia
2025-02-20,Colombia,paid_search,2396.14,paid_search_Colombia
2025-02-20,Colombia,social,2287.33,social_Colombia
2025-02-20,México,organic,2481.1,organic_Mexico
2025-02-20,México,paid_search,2916.33,paid_search_Mexico
2025-02-20,México,social,2297.21,social_Mexico
2025-02-21,Argentina,organic,1004.32,organic_Argentina
2025-02-21,Argentina,paid_search,1446.01,paid_search_Argentina
2025-02-21,Argentina,social,936.01,social_Argentina
2025-02-21,Colombia,organic,802.29,organic_Colombia
2025-02-21,Colombia,paid_search,1915.65,paid_search_Colombia
2025-02-21,Colombia,social,1086.55,social_Colombia
2025-02-21,México,organic,1943.26,organic_Mexico
2025-02-21,México,paid_search,1427.47,paid_search_Mexico
2025-02-21,México,social,2535.52,social_Mexico
2025-02-22,Argentina,organic,772.55,organic_Argentina
2025-02-22,Argentina,paid_search,2039.54,paid_search_Argentina
2025-02-22,Argentina,social,1711.34,social_Argentina
2025-02-22,Colombia,organic,699.81,organic_Colombia
2025-02-22,Colombia,paid_search,2880.14,paid_search_Colombia
2025-02-22,Colombia,social,2999.36,social_Colombia
2025-02-22,México,organic,1961.19,organic_Mexico
2025-02-22,México,paid_search,1628.29,paid_search_Mexico
2025-02-22,México,social,2055.44,social_Mexico
2025-02-23,Argentina,organic,1255.48,organic_Argentina
2025-02-23,Argentina,paid_search,1758.69,paid_search_Argentina
2025-02-23,Argentina,social,1255.49,social_Argentina
2025-02-23,Colombia,organic,2363.76,organic_Colombia
2025-02-23,Colombia,paid_search,2107.64,paid_search_Colombia
2025-02-23,Colombia,social,634.17,social_Colombia
2025-02-23,México,organic,2004.91,organic_Mexico
2025-02-23,México,paid_search,1176.16,paid_search_Mexico
2025-02-23,México,social,2432.8,social_Mexico
2025-02-24,Argentina,organic,896.95,organic_Argentina
2025-02-24,Argentina,paid_search,673.33,paid_search_Argentina
2025-02-24,Argentina,social,1144.79,social_Argentina
2025-02-24,Colombia,organic,2166.54,organic_Colombia
2025-02-24,Colombia,paid_search,2286.43,paid_search_Colombia
2025-02-24,Colombia,social,2449.69,social_Colombia
2025-02-24,México,organic,2860.22,organic_Mexico
2025-02-24,México,paid_search,1190.24,paid_search_Mexico
2025-02-24,México,social,2732.14,social_Mexico
2025-02-25,Argentina,organic,2042.74,organic_Argentina
2025-02-25,Argentina,paid_search,552.09,paid_search_Argentina
2025-02-25,Argentina,social,2476.56,social_Argentina
2025-02-25,Colombia,organic,1669.77,organic_Colombia
2025-02-25,Colombia,paid_search,2969.49,paid_search_Colombia
2025-02-25,Colombia,social,604.86,social_Colombia
2025-02-25,México,organic,901.24,organic_Mexico
2025-02-25,México,paid_search,794.07,paid_search_Mexico
2025-02-25,México,social,2643.91,social_Mexico
2025-02-26,Argentina,organic,1245.09,organic_Argentina
2025-02-26,Argentina,paid_search,531.75,paid_search_Argentina
2025-02-26,Argentina,social,2696.62,social_Argentina
2025-02-26,Colombia,organic,679.05,organic_Colombia
2025-02-26,Colombia,paid_search,2580.79,paid_search_Colombia
2025-02-26,Colombia,social,2271.79,social_Colombia
2025-02-26,México,organic,2604.93,organic_Mexico
2025-02-26,México,paid_search,533.47,paid_search_Mexico
2025-02-26,México,social,1444.43,social_Mexico
2025-02-27,Argentina,organic,996.85,organic_Argentina
2025-02-27,Argentina,paid_search,1460.77,paid_search_Argentina
2025-02-27,Argentina,social,784.04,social_Argentina
2025-02-27,Colombia,organic,2988.92,organic_Colombia
2025-02-27,Colombia,paid_search,2279.81,paid_search_Colombia
2025-02-27,Colombia,social,831.02,social_Colombia
2025-02-27,México,organic,2264.64,organic_Mexico
2025-02-27,México,paid_search,2559.49,paid_search_Mexico
2025-02-27,México,social,1971.46,social_Mexico
2025-02-28,Argentina,organic,2477.47,organic_Argentina
2025-02-28,Argentina,paid_search,1677.61,paid_search_Argentina
2025-02-28,Argentina,social,2303.14,social_Argentina
2025-02-28,Colombia,organic,2083.37,organic_Colombia
2025-02-28,Colombia,paid_search,1552.63,paid_search_Colombia
2025-02-28,Colombia,social,2715.28,social_Colombia
2025-02-28,México,organic,1523.78,organic_Mexico
2025-02-28,México,paid_search,2178.26,paid_search_Mexico
2025-02-28,México,social,2362.64,social_Mexico
2025-03-01,Argentina,organic,1325.8,organic_Argentina
2025-03-01,Argentina,paid_search,732.26,paid_search_Argentina
2025-03-01,Argentina,social,1625.45,social_Argentina
2025-03-01,Colombia,organic,2665.73,organic_Colombia
2025-03-01,Colombia,paid_search,844.75,paid_search_Colombia
2025-03-01,Colombia,social,2971.47,social_Colombia
2025-03-01,México,organic,1285.76,organic_Mexico
2025-03-01,México,paid_search,2565.67,paid_search_Mexico
2025-03-01,México,social,1997.66,social_Mexico
2025-03-02,Argentina,organic,1343.81,organic_Argentina
2025-03-02,Argentina,paid_search,1868.92,paid_search_Argentina
2025-03-02,Argentina,social,778.93,social_Argentina
2025-03-02,Colombia,organic,1966.37,organic_Colombia
2025-03-02,Colombia,paid_search,1035.48,paid_search_Colombia
2025-03-02,Colombia,social,501.28,social_Colombia
2025-03-02,México,organic,2563.5,organic_Mexico
2025-03-02,México,paid_search,1018.16,paid_search_Mexico
2025-03-02,México,social,2220.58,social_Mexico
2025-03-03,Argentina,organic,1416.81,organic_Argentina
2025-03-03,Argentina,paid_search,2921.05,paid_search_Argentina
2025-03-03,Argentina,social,785.4,social_Argentina
2025-03-03,Colombia,organic,2043.61,organic_Colombia
2025-03-03,Colombia,paid_search,1467.76,paid_search_Colombia
2025-03-03,Colombia,social,2310.52,social_Colombia
2025-03-03,México,organic,2674.67,organic_Mexico
2025-03-03,México,paid_search,2969.11,paid_search_Mexico
2025-03-03,México,social,2040.3,social_Mexico
2025-03-04,Argentina,organic,2593.45,organic_Argentina
2025-03-04,Argentina,paid_search,523.1,paid_search_Argentina
2025-03-04,Argentina,social,2293.99,social_Argentina
2025-03-04,Colombia,organic,2243.9,organic_Colombia
2025-03-04,Colombia,paid_search,2137.18,paid_search_Colombia
2025-03-04,Colombia,social,2257.07,social_Colombia
2025-03-04,México,organic,505.59,organic_Mexico
2025-03-04,México,paid_search,2902.89,paid_search_Mexico
2025-03-04,México,social,825.83,social_Mexico
2025-03-05,Argentina,organic,1320.59,organic_Argentina
2025-03-05,Argentina,paid_search,1300.0,paid_search_Argentina
2025-03-05,Argentina,social,2974.46,social_Argentina
2025-03-05,Colombia,organic,2382.48,organic_Colombia
2025-03-05,Colombia,paid_search,2628.61,paid_search_Colombia
2025-03-05,Colombia,social,1610.57,social_Colombia
2025-03-05,México,organic,1857.56,organic_Mexico
2025-03-05,México,paid_search,1508.72,paid_search_Mexico
2025-03-05,México,social,1079.07,social_Mexico
2025-03-06,Argentina,organic,2971.77,organic_Argentina
2025-03-06,Argentina,paid_search,514.64,paid_search_Argentina
2025-03-06,Argentina,social,2188.01,social_Argentina
2025-03-06,Colombia,organic,1338.79,organic_Colombia
2025-03-06,Colombia,paid_search,1037.34,paid_search_Colombia
2025-03-06,Colombia,social,2793.68,social_Colombia
2025-03-06,México,organic,1651.4,organic_Mexico
2025-03-06,México,paid_search,1244.98,paid_search_Mexico
2025-03-06,México,social,2727.94,social_Mexico
2025-03-07,Argentina,organic,2440.72,organic_Argentina
2025-03-07,Argentina,paid_search,674.71,paid_search_Argentina
2025-03-07,Argentina,social,2896.24,social_Argentina
2025-03-07,Colombia,organic,2208.18,organic_Colombia
2025-03-07,Colombia,paid_search,1354.81,paid_search_Colombia
2025-03-07,Colombia,social,1323.2,social_Colombia
2025-03-07,México,organic,2431.44,organic_Mexico
2025-03-07,México,paid_search,2709.79,paid_search_Mexico
2025-03-07,México,social,1616.76,social_Mexico
2025-03-08,Argentina,organic,2219.39,organic_Argentina
2025-03-08,Argentina,paid_search,2419.68,paid_search_Argentina
2025-03-08,Argentina,social,2717.79,social_Argentina
2025-03-08,Colombia,organic,905.4,organic_Colombia
2025-03-08,Colombia,paid_search,955.49,paid_search_Colombia
2025-03-08,Colombia,social,760.35,social_Colombia
2025-03-08,México,organic,1430.22,organic_Mexico
2025-03-08,México,paid_search,2796.79,paid_search_Mexico
2025-03-08,México,social,2337.36,social_Mexico
2025-03-09,Argentina,organic,2460.54,organic_Argentina
2025-03-09,Argentina,paid_search,2039.28,paid_search_Argentina
2025-03-09,Argentina,social,2703.46,social_Argentina
2025-03-09,Colombia,organic,2314.17,organic_Colombia
2025-03-09,Colombia,paid_search,2674.55,paid_search_Colombia
2025-03-09,Colombia,social,2707.99,social_Colombia
2025-03-09,México,organic,777.29,organic_Mexico
2025-03-09,México,paid_search,2979.65,paid_search_Mexico
2025-03-09,México,social,2261.8,social_Mexico
2025-03-10,Argentina,organic,1518.44,organic_Argentina
2025-03-10,Argentina,paid_search,2007.83,paid_search_Argentina
2025-03-10,Argentina,social,1535.76,social_Argentina
2025-03-10,Colombia,organic,1664.65,organic_Colombia
2025-03-10,Colombia,paid_search,1793.57,paid_search_Colombia
2025-03-10,Colombia,social,2928.11,social_Colombia
2025-03-10,México,organic,1817.97,organic_Mexico
2025-03-10,México,paid_search,2880.9,paid_search_Mexico
2025-03-10,México,social,658.58,social_Mexico
2025-03-11,Argentina,organic,2296.31,organic_Argentina
2025-03-11,Argentina,paid_search,1187.95,paid_search_Argentina
2025-03-11,Argentina,social,1815.6,social_Argentina
2025-03-11,Colombia,organic,1206.49,organic_Colombia
2025-03-11,Colombia,paid_search,865.82,paid_search_Colombia
2025-03-11,Colombia,social,1615.39,social_Colombia
2025-03-11,México,organic,2689.86,organic_Mexico
2025-03-11,México,paid_search,2946.8,paid_search_Mexico
2025-03-11,México,social,1707.33,social_Mexico
2025-03-12,Argentina,organic,1989.0,organic_Argentina
2025-03-12,Argentina,paid_search,1641.58,paid_search_Argentina
2025-03-12,Argentina,social,1581.3,social_Argentina
2025-03-12,Colombia,organic,1768.93,organic_Colombia
2025-03-12,Colombia,paid_search,581.57,paid_search_Colombia
2025-03-12,Colombia,social,2083.91,social_Colombia
2025-03-12,México,organic,1862.52,organic_Mexico
2025-03-12,México,paid_search,2272.92,paid_search_Mexico
2025-03-12,México,social,969.87,social_Mexico
2025-03-13,Argentina,organic,2133.74,organic_Argentina
2025-03-13,Argentina,paid_search,691.8,paid_search_Argentina
2025-03-13,Argentina,social,2829.92,social_Argentina
2025-03-13,Colombia,organic,881.84,organic_Colombia
2025-03-13,Colombia,paid_search,2149.67,paid_search_Colombia
2025-03-13,Colombia,social,2219.17,social_Colombia
2025-03-13,México,organic,2834.77,organic_Mexico
2025-03-13,México,paid_search,1770.31,paid_search_Mexico
2025-03-13,México,social,1467.01,social_Mexico
2025-03-14,Argentina,organic,2636.93,organic_Argentina
2025-03-14,Argentina,paid_search,2340.49,paid_search_Argentina
2025-03-14,Argentina,social,1700.72,social_Argentina
2025-03-14,Colombia,organic,908.29,organic_Colombia
2025-03-14,Colombia,paid_search,2596.73,paid_search_Colombia
2025-03-14,Colombia,social,2907.91,social_Colombia
2025-03-14,México,organic,711.85,organic_Mexico
2025-03-14,México,paid_search,1056.25,paid_search_Mexico
2025-03-14,México,social,2617.0,social_Mexico
2025-03-15,Argentina,organic,2675.72,organic_Argentina
2025-03-15,Argentina,paid_search,1485.68,paid_search_Argentina
2025-03-15,Argentina,social,1435.46,social_Argentina
2025-03-15,Colombia,organic,744.06,organic_Colombia
2025-03-15,Colombia,paid_search,1691.2,paid_search_Colombia
2025-03-15,Colombia,social,2517.14,social_Colombia
2025-03-15,México,organic,2000.39,organic_Mexico
2025-03-15,México,paid_search,2778.67,paid_search_Mexico
2025-03-15,México,social,2826.9,social_Mexico
2025-03-16,Argentina,organic,1290.87,organic_Argentina
2025-03-16,Argentina,paid_search,2468.62,paid_search_Argentina
2025-03-16,Argentina,social,1630.64,social_Argentina
2025-03-16,Colombia,organic,1783.06,organic_Colombia
2025-03-16,Colombia,paid_search,2579.61,paid_search_Colombia
2025-03-16,Colombia,social,1467.96,social_Colombia
2025-03-16,México,organic,1193.85,organic_Mexico
2025-03-16,México,paid_search,2406.21,paid_search_Mexico
2025-03-16,México,social,575.12,social_Mexico
2025-03-17,Argentina,organic,1142.13,organic_Argentina
2025-03-17,Argentina,paid_search,784.67,paid_search_Argentina
2025-03-17,Argentina,social,1254.99,social_Argentina
2025-03-17,Colombia,organic,2026.73,organic_Colombia
2025-03-17,Colombia,paid_search,856.19,paid_search_Colombia
2025-03-17,Colombia,social,2562.97,social_Colombia
2025-03-17,México,organic,2380.07,organic_Mexico
2025-03-17,México,paid_search,533.88,paid_search_Mexico
2025-03-17,México,social,1010.72,social_Mexico
2025-03-18,Argentina,organic,2454.71,organic_Argentina
2025-03-18,Argentina,paid_search,2197.85,paid_search_Argentina
2025-03-18,Argentina,social,2566.51,social_Argentina
2025-03-18,Colombia,organic,2755.39,organic_Colombia
2025-03-18,Colombia,paid_search,1786.94,paid_search_Colombia
2025-03-18,Colombia,social,725.58,social_Colombia
2025-03-18,México,organic,2127.39,organic_Mexico
2025-03-18,México,paid_search,554.52,paid_search_Mexico
2025-03-18,México,social,597.7,social_Mexico
2025-03-19,Argentina,organic,1911.73,organic_Argentina
2025-03-19,Argentina,paid_search,695.47,paid_search_Argentina
2025-03-19,Argentina,social,1376.88,social_Argentina
2025-03-19,Colombia,organic,708.99,organic_Colombia
2025-03-19,Colombia,paid_search,1766.0,paid_search_Colombia
2025-03-19,Colombia,social,1490.12,social_Colombia
2025-03-19,México,organic,1295.6,organic_Mexico
2025-03-19,México,paid_search,2775.27,paid_search_Mexico
2025-03-19,México,social,1582.66,social_Mexico
2025-03-20,Argentina,organic,1737.1,organic_Argentina
2025-03-20,Argentina,paid_search,2643.27,paid_search_Argentina
2025-03-20,Argentina,social,2882.59,social_Argentina
2025-03-20,Colombia,organic,2662.43,organic_Colombia
2025-03-20,Colombia,paid_search,2038.09,paid_search_Colombia
2025-03-20,Colombia,social,2065.47,social_Colombia
2025-03-20,México,organic,767.58,organic_Mexico
2025-03-20,México,paid_search,1208.18,paid_search_Mexico
2025-03-20,México,social,1055.35,social_Mexico
2025-03-21,Argentina,organic,1812.19,organic_Argentina
2025-03-21,Argentina,paid_search,894.59,paid_search_Argentina
2025-03-21,Argentina,social,2699.24,social_Argentina
2025-03-21,Colombia,organic,779.63,organic_Colombia
2025-03-21,Colombia,paid_search,2639.25,paid_search_Colombia
2025-03-21,Colombia,social,2818.25,social_Colombia
2025-03-21,México,organic,1620.17,organic_Mexico
2025-03-21,México,paid_search,1566.3,paid_search_Mexico
2025-03-21,México,social,2794.58,social_Mexico
2025-03-22,Argentina,organic,619.11,organic_Argentina
2025-03-22,Argentina,paid_search,2105.4,paid_search_Argentina
2025-03-22,Argentina,social,2375.49,social_Argentina
2025-03-22,Colombia,organic,945.31,organic_Colombia
2025-03-22,Colombia,paid_search,2258.04,paid_search_Colombia
2025-03-22,Colombia,social,2869.48,social_Colombia
2025-03-22,México,organic,1638.03,organic_Mexico
2025-03-22,México,paid_search,1156.59,paid_search_Mexico
2025-03-22,México,social,1576.11,social_Mexico
2025-03-23,Argentina,organic,2990.6,organic_Argentina
2025-03-23,Argentina,paid_search,1297.98,paid_search_Argentina
2025-03-23,Argentina,social,2804.65,social_Argentina
2025-03-23,Colombia,organic,2899.55,organic_Colombia
2025-03-23,Colombia,paid_search,2761.22,paid_search_Colombia
2025-03-23,Colombia,social,1298.04,social_Colombia
2025-03-23,México,organic,2423.01,organic_Mexico
2025-03-23,México,paid_search,1236.86,paid_search_Mexico
2025-03-23,México,social,2878.95,social_Mexico
2025-03-24,Argentina,organic,2387.88,organic_Argentina
2025-03-24,Argentina,paid_search,2237.02,paid_search_Argentina
2025-03-24,Argentina,social,1168.73,social_Argentina
2025-03-24,Colombia,organic,2421.0,organic_Colombia
2025-03-24,Colombia,paid_search,663.73,paid_search_Colombia
2025-03-24,Colombia,social,744.95,social_Colombia
2025-03-24,México,organic,2938.28,organic_Mexico
2025-03-24,México,paid_search,585.56,paid_search_Mexico
2025-03-24,México,social,1895.26,social_Mexico
2025-03-25,Argentina,organic,1679.68,organic_Argentina
2025-03-25,Argentina,paid_search,843.26,paid_search_Argentina
2025-03-25,Argentina,social,2307.75,social_Argentina
2025-03-25,Colombia,organic,922.63,organic_Colombia
2025-03-25,Colombia,paid_search,810.64,paid_search_Colombia
2025-03-25,Colombia,social,2105.36,social_Colombia
2025-03-25,México,organic,1332.11,organic_Mexico
2025-03-25,México,paid_search,2969.28,paid_search_Mexico
2025-03-25,México,social,2993.4,social_Mexico
2025-03-26,Argentina,organic,2369.91,organic_Argentina
2025-03-26,Argentina,paid_search,1040.64,paid_search_Argentina
2025-03-26,Argentina,social,1587.44,social_Argentina
2025-03-26,Colombia,organic,547.28,organic_Colombia
2025-03-26,Colombia,paid_search,2790.82,paid_search_Colombia
2025-03-26,Colombia,social,2841.48,social_Colombia
2025-03-26,México,organic,2770.95,organic_Mexico
2025-03-26,México,paid_search,2834.31,paid_search_Mexico
2025-03-26,México,social,590.64,social_Mexico
2025-03-27,Argentina,organic,2357.61,organic_Argentina
2025-03-27,Argentina,paid_search,2884.87,paid_search_Argentina
2025-03-27,Argentina,social,2233.71,social_Argentina
2025-03-27,Colombia,organic,2971.19,organic_Colombia
2025-03-27,Colombia,paid_search,1290.25,paid_search_Colombia
2025-03-27,Colombia,social,2345.12,social_Colombia
2025-03-27,México,organic,2921.5,organic_Mexico
2025-03-27,México,paid_search,1917.8,paid_search_Mexico
2025-03-27,México,social,1857.03,social_Mexico
2025-03-28,Argentina,organic,1040.38,organic_Argentina
2025-03-28,Argentina,paid_search,1955.53,paid_search_Argentina
2025-03-28,Argentina,social,1475.66,social_Argentina
2025-03-28,Colombia,organic,676.5,organic_Colombia
2025-03-28,Colombia,paid_search,1450.98,paid_search_Colombia
2025-03-28,Colombia,social,603.17,social_Colombia
2025-03-28,México,organic,1300.24,organic_Mexico
2025-03-28,México,paid_search,2553.86,paid_search_Mexico
2025-03-28,México,social,1804.88,social_Mexico
2025-03-29,Argentina,organic,2417.71,organic_Argentina
2025-03-29,Argentina,paid_search,650.12,paid_search_Argentina
2025-03-29,Argentina,social,1490.41,social_Argentina
2025-03-29,Colombia,organic,2802.7,organic_Colombia
2025-03-29,Colombia,paid_search,1921.42,paid_search_Colombia
2025-03-29,Colombia,social,1391.51,social_Colombia
2025-03-29,México,organic,2097.19,organic_Mexico
2025-03-29,México,paid_search,2467.24,paid_search_Mexico
2025-03-29,México,social,2769.14,social_Mexico
2025-03-30,Argentina,organic,2458.53,organic_Argentina
2025-03-30,Argentina,paid_search,1744.8,paid_search_Argentina
2025-03-30,Argentina,social,1358.22,social_Argentina
2025-03-30,Colombia,organic,2629.57,organic_Colombia
2025-03-30,Colombia,paid_search,2563.4,paid_search_Colombia
2025-03-30,Colombia,social,882.63,social_Colombia
2025-03-30,México,organic,828.11,organic_Mexico
2025-03-30,México,paid_search,1731.35,paid_search_Mexico
2025-03-30,México,social,2408.97,social_Mexico
2025-03-31,Argentina,organic,2418.3,organic_Argentina
2025-03-31,Argentina,paid_search,546.85,paid_search_Argentina
2025-03-31,Argentina,social,2293.72,social_Argentina
2025-03-31,Colombia,organic,2830.91,organic_Colombia
2025-03-31,Colombia,paid_search,612.18,paid_search_Colombia
2025-03-31,Colombia,social,2945.61,social_Colombia
2025-03-31,México,organic,2238.17,organic_Mexico
2025-03-31,México,paid_search,2006.13,paid_search_Mexico
2025-03-31,México,social,2382.97,social_Mexico
2025-04-01,Argentina,organic,2836.63,organic_Argentina
2025-04-01,Argentina,paid_search,2381.43,paid_search_Argentina
2025-04-01,Argentina,social,1662.12,social_Argentina
2025-04-01,Colombia,organic,2226.62,organic_Colombia
2025-04-01,Colombia,paid_search,1794.02,paid_search_Colombia
2025-04-01,Colombia,social,1141.43,social_Colombia
2025-04-01,México,organic,1588.59,organic_Mexico
2025-04-01,México,paid_search,1113.38,paid_search_Mexico
2025-04-01,México,social,1004.92,social_Mexico
2025-04-02,Argentina,organic,776.65,organic_Argentina
2025-04-02,Argentina,paid_search,872.62,paid_search_Argentina
2025-04-02,Argentina,social,1359.38,social_Argentina
2025-04-02,Colombia,organic,1088.54,organic_Colombia
2025-04-02,Colombia,paid_search,2135.97,paid_search_Colombia
2025-04-02,Colombia,social,1699.24,social_Colombia
2025-04-02,México,organic,2618.67,organic_Mexico
2025-04-02,México,paid_search,1565.52,paid_search_Mexico
2025-04-02,México,social,1646.79,social_Mexico
2025-04-03,Argentina,organic,2828.62,organic_Argentina
2025-04-03,Argentina,paid_search,2405.88,paid_search_Argentina
2025-04-03,Argentina,social,2451.95,social_Argentina
2025-04-03,Colombia,organic,1772.7,organic_Colombia
2025-04-03,Colombia,paid_search,1264.02,paid_search_Colombia
2025-04-03,Colombia,social,2888.12,social_Colombia
2025-04-03,México,organic,2079.1,organic_Mexico
2025-04-03,México,paid_search,955.01,paid_search_Mexico
2025-04-03,México,social,2603.31,social_Mexico
2025-04-04,Argentina,organic,842.11,organic_Argentina
2025-04-04,Argentina,paid_search,2195.9,paid_search_Argentina
2025-04-04,Argentina,social,630.78,social_Argentina
2025-04-04,Colombia,organic,1496.64,organic_Colombia
2025-04-04,Colombia,paid_search,1294.32,paid_search_Colombia
2025-04-04,Colombia,social,743.49,social_Colombia
2025-04-04,México,organic,2924.95,organic_Mexico
2025-04-04,México,paid_search,2188.7,paid_search_Mexico
2025-04-04,México,social,1919.23,social_Mexico
2025-04-05,Argentina,organic,977.94,organic_Argentina
2025-04-05,Argentina,paid_search,2456.57,paid_search_Argentina
2025-04-05,Argentina,social,2613.24,social_Argentina
2025-04-05,Colombia,organic,2063.86,organic_Colombia
2025-04-05,Colombia,paid_search,1965.5,paid_search_Colombia
2025-04-05,Colombia,social,2317.42,social_Colombia
2025-04-05,México,organic,2611.13,organic_Mexico
2025-04-05,México,paid_search,1982.97,paid_search_Mexico
2025-04-05,México,social,1488.23,social_Mexico
2025-04-06,Argentina,organic,981.91,organic_Argentina
2025-04-06,Argentina,paid_search,2044.79,paid_search_Argentina
2025-04-06,Argentina,social,1670.75,social_Argentina
2025-04-06,Colombia,organic,1242.79,organic_Colombia
2025-04-06,Colombia,paid_search,1284.26,paid_search_Colombia
2025-04-06,Colombia,social,1281.05,social_Colombia
2025-04-06,México,organic,1191.92,organic_Mexico
2025-04-06,México,paid_search,1584.45,paid_search_Mexico
2025-04-06,México,social,2009.39,social_Mexico
2025-04-07,Argentina,organic,1489.46,organic_Argentina
2025-04-07,Argentina,paid_search,1423.21,paid_search_Argentina
2025-04-07,Argentina,social,788.44,social_Argentina
2025-04-07,Colombia,organic,2024.73,organic_Colombia
2025-04-07,Colombia,paid_search,730.82,paid_search_Colombia
2025-04-07,Colombia,social,1831.64,social_Colombia
2025-04-07,México,organic,2833.06,organic_Mexico
2025-04-07,México,paid_search,1068.41,paid_search_Mexico
2025-04-07,México,social,1571.1,social_Mexico
2025-04-08,Argentina,organic,959.84,organic_Argentina
2025-04-08,Argentina,paid_search,2825.69,paid_search_Argentina
2025-04-08,Argentina,social,2267.89,social_Argentina
2025-04-08,Colombia,organic,2706.41,organic_Colombia
2025-04-08,Colombia,paid_search,803.34,paid_search_Colombia
2025-04-08,Colombia,social,905.32,social_Colombia
2025-04-08,México,organic,1619.03,organic_Mexico
2025-04-08,México,paid_search,2997.21,paid_search_Mexico
2025-04-08,México,social,2306.55,social_Mexico
2025-04-09,Argentina,organic,2084.06,organic_Argentina
2025-04-09,Argentina,paid_search,1620.5,paid_search_Argentina
2025-04-09,Argentina,social,1617.24,social_Argentina
2025-04-09,Colombia,organic,1466.77,organic_Colombia
2025-04-09,Colombia,paid_search,2843.17,paid_search_Colombia
2025-04-09,Colombia,social,2524.52,social_Colombia
2025-04-09,México,organic,821.65,organic_Mexico
2025-04-09,México,paid_search,2675.0,paid_search_Mexico
2025-04-09,México,social,2186.09,social_Mexico
2025-04-10,Argentina,organic,1568.67,organic_Argentina
2025-04-10,Argentina,paid_search,568.23,paid_search_Argentina
2025-04-10,Argentina,social,2641.67,social_Argentina
2025-04-10,Colombia,organic,1457.55,organic_Colombia
2025-04-10,Colombia,paid_search,605.02,paid_search_Colombia
2025-04-10,Colombia,social,836.96,social_Colombia
2025-04-10,México,organic,530.09,organic_Mexico
2025-04-10,México,paid_search,900.22,paid_search_Mexico
2025-04-10,México,social,2985.3,social_Mexico
2025-04-11,Argentina,organic,2797.2,organic_Argentina
2025-04-11,Argentina,paid_search,1975.86,paid_search_Argentina
2025-04-11,Argentina,social,529.41,social_Argentina
2025-04-11,Colombia,organic,1094.33,organic_Colombia
2025-04-11,Colombia,paid_search,1805.77,paid_search_Colombia
2025-04-11,Colombia,social,1248.96,social_Colombia
2025-04-11,México,organic,648.7,organic_Mexico
2025-04-11,México,paid_search,1998.4,paid_search_Mexico
2025-04-11,México,social,1019.84,social_Mexico
2025-04-12,Argentina,organic,1722.17,organic_Argentina
2025-04-12,Argentina,paid_search,1648.06,paid_search_Argentina
2025-04-12,Argentina,social,2414.69,social_Argentina
2025-04-12,Colombia,organic,1141.81,organic_Colombia
2025-04-12,Colombia,paid_search,2129.3,paid_search_Colombia
2025-04-12,Colombia,social,2552.18,social_Colombia
2025-04-12,México,organic,2544.38,organic_Mexico
2025-04-12,México,paid_search,2012.43,paid_search_Mexico
2025-04-12,México,social,1096.23,social_Mexico
2025-04-13,Argentina,organic,1755.88,organic_Argentina
2025-04-13,Argentina,paid_search,750.85,paid_search_Argentina
2025-04-13,Argentina,social,1189.58,social_Argentina
2025-04-13,Colombia,organic,2781.69,organic_Colombia
2025-04-13,Colombia,paid_search,1282.75,paid_search_Colombia
2025-04-13,Colombia,social,1714.96,social_Colombia
2025-04-13,México,organic,998.5,organic_Mexico
2025-04-13,México,paid_search,1146.51,paid_search_Mexico
2025-04-13,México,social,1792.3,social_Mexico
2025-04-14,Argentina,organic,1502.33,organic_Argentina
2025-04-14,Argentina,paid_search,2821.06,paid_search_Argentina
2025-04-14,Argentina,social,640.98,social_Argentina
2025-04-14,Colombia,organic,1280.83,organic_Colombia
2025-04-14,Colombia,paid_search,1254.61,paid_search_Colombia
2025-04-14,Colombia,social,825.87,social_Colombia
2025-04-14,México,organic,937.27,organic_Mexico
2025-04-14,México,paid_search,770.89,paid_search_Mexico
2025-04-14,México,social,2972.83,social_Mexico
2025-04-15,Argentina,organic,2435.64,organic_Argentina
2025-04-15,Argentina,paid_search,1064.27,paid_search_Argentina
2025-04-15,Argentina,social,1838.18,social_Argentina
2025-04-15,Colombia,organic,2850.39,organic_Colombia
2025-04-15,Colombia,paid_search,1051.63,paid_search_Colombia
2025-04-15,Colombia,social,1246.96,social_Colombia
2025-04-15,México,organic,1494.61,organic_Mexico
2025-04-15,México,paid_search,2547.24,paid_search_Mexico
2025-04-15,México,social,2941.47,social_Mexico
2025-04-16,Argentina,organic,847.78,organic_Argentina
2025-04-16,Argentina,paid_search,1056.46,paid_search_Argentina
2025-04-16,Argentina,social,645.59,social_Argentina
2025-04-16,Colombia,organic,608.25,organic_Colombia
2025-04-16,Colombia,paid_search,2566.05,paid_search_Colombia
2025-04-16,Colombia,social,566.53,social_Colombia
2025-04-16,México,organic,822.63,organic_Mexico
2025-04-16,México,paid_search,594.56,paid_search_Mexico
2025-04-16,México,social,948.58,social_Mexico
2025-04-17,Argentina,organic,552.76,organic_Argentina
2025-04-17,Argentina,paid_search,1927.66,paid_search_Argentina
2025-04-17,Argentina,social,1120.11,social_Argentina
2025-04-17,Colombia,organic,2718.5,organic_Colombia
2025-04-17,Colombia,paid_search,1376.71,paid_search_Colombia
2025-04-17,Colombia,social,2544.17,social_Colombia
2025-04-17,México,organic,1281.69,organic_Mexico
2025-04-17,México,paid_search,1679.03,paid_search_Mexico
2025-04-17,México,social,2613.53,social_Mexico
2025-04-18,Argentina,organic,1837.64,organic_Argentina
2025-04-18,Argentina,paid_search,737.35,paid_search_Argentina
2025-04-18,Argentina,social,2963.99,social_Argentina
2025-04-18,Colombia,organic,2001.17,organic_Colombia
2025-04-18,Colombia,paid_search,1531.17,paid_search_Colombia
2025-04-18,Colombia,social,1802.53,social_Colombia
2025-04-18,México,organic,1331.29,organic_Mexico
2025-04-18,México,paid_search,685.69,paid_search_Mexico
2025-04-18,México,social,1292.88,social_Mexico
2025-04-19,Argentina,organic,1592.65,organic_Argentina
2025-04-19,Argentina,paid_search,1288.65,paid_search_Argentina
2025-04-19,Argentina,social,1978.68,social_Argentina
2025-04-19,Colombia,organic,1733.01,organic_Colombia
2025-04-19,Colombia,paid_search,2511.43,paid_search_Colombia
2025-04-19,Colombia,social,2611.02,social_Colombia
2025-04-19,México,organic,1911.35,organic_Mexico
2025-04-19,México,paid_search,889.34,paid_search_Mexico
2025-04-19,México,social,1271.51,social_Mexico
2025-04-20,Argentina,organic,1053.53,organic_Argentina
2025-04-20,Argentina,paid_search,1063.51,paid_search_Argentina
2025-04-20,Argentina,social,1976.55,social_Argentina
2025-04-20,Colombia,organic,1141.41,organic_Colombia
2025-04-20,Colombia,paid_search,1852.97,paid_search_Colombia
2025-04-20,Colombia,social,1523.78,social_Colombia
2025-04-20,México,organic,1284.19,organic_Mexico
2025-04-20,México,paid_search,1876.04,paid_search_Mexico
2025-04-20,México,social,1303.59,social_Mexico
2025-04-21,Argentina,organic,2822.89,organic_Argentina
2025-04-21,Argentina,paid_search,567.44,paid_search_Argentina
2025-04-21,Argentina,social,923.22,social_Argentina
2025-04-21,Colombia,organic,1006.44,organic_Colombia
2025-04-21,Colombia,paid_search,777.23,paid_search_Colombia
2025-04-21,Colombia,social,741.92,social_Colombia
2025-04-21,México,organic,2272.37,organic_Mexico
2025-04-21,México,paid_search,2996.17,paid_search_Mexico
2025-04-21,México,social,2565.03,social_Mexico
2025-04-22,Argentina,organic,2823.71,organic_Argentina
2025-04-22,Argentina,paid_search,1944.43,paid_search_Argentina
2025-04-22,Argentina,social,1433.06,social_Argentina
2025-04-22,Colombia,organic,1680.74,organic_Colombia
2025-04-22,Colombia,paid_search,2481.71,paid_search_Colombia
2025-04-22,Colombia,social,1095.04,social_Colombia
2025-04-22,México,organic,1893.79,organic_Mexico
2025-04-22,México,paid_search,908.37,paid_search_Mexico
2025-04-22,México,social,2442.91,social_Mexico
2025-04-23,Argentina,organic,1700.03,organic_Argentina
2025-04-23,Argentina,paid_search,2611.31,paid_search_Argentina
2025-04-23,Argentina,social,533.26,social_Argentina
2025-04-23,Colombia,organic,1262.89,organic_Colombia
2025-04-23,Colombia,paid_search,666.44,paid_search_Colombia
2025-04-23,Colombia,social,1829.06,social_Colombia
2025-04-23,México,organic,1129.78,organic_Mexico
2025-04-23,México,paid_search,614.26,paid_search_Mexico
2025-04-23,México,social,1129.52,social_Mexico
2025-04-24,Argentina,organic,2186.89,organic_Argentina
2025-04-24,Argentina,paid_search,562.54,paid_search_Argentina
2025-04-24,Argentina,social,2036.86,social_Argentina
2025-04-24,Colombia,organic,1018.16,organic_Colombia
2025-04-24,Colombia,paid_search,1690.43,paid_search_Colombia
2025-04-24,Colombia,social,654.09,social_Colombia
2025-04-24,México,organic,2044.46,organic_Mexico
2025-04-24,México,paid_search,1488.65,paid_search_Mexico
2025-04-24,México,social,2084.1,social_Mexico
2025-04-25,Argentina,organic,2080.03,organic_Argentina
2025-04-25,Argentina,paid_search,1599.28,paid_search_Argentina
2025-04-25,Argentina,social,2734.16,social_Argentina
2025-04-25,Colombia,organic,1766.91,organic_Colombia
2025-04-25,Colombia,paid_search,1306.41,paid_search_Colombia
2025-04-25,Colombia,social,875.18,social_Colombia
2025-04-25,México,organic,2386.72,organic_Mexico
2025-04-25,México,paid_search,1969.2,paid_search_Mexico
2025-04-25,México,social,2703.03,social_Mexico
2025-04-26,Argentina,organic,1003.21,organic_Argentina
2025-04-26,Argentina,paid_search,611.18,paid_search_Argentina
2025-04-26,Argentina,social,1541.78,social_Argentina
2025-04-26,Colombia,organic,1813.5,organic_Colombia
2025-04-26,Colombia,paid_search,2839.17,paid_search_Colombia
2025-04-26,Colombia,social,2264.98,social_Colombia
2025-04-26,México,organic,948.6,organic_Mexico
2025-04-26,México,paid_search,1633.72,paid_search_Mexico
2025-04-26,México,social,1312.54,social_Mexico
2025-04-27,Argentina,organic,1933.99,organic_Argentina
2025-04-27,Argentina,paid_search,2424.53,paid_search_Argentina
2025-04-27,Argentina,social,735.66,social_Argentina
2025-04-27,Colombia,organic,2570.16,organic_Colombia
2025-04-27,Colombia,paid_search,2326.63,paid_search_Colombia
2025-04-27,Colombia,social,785.18,social_Colombia
2025-04-27,México,organic,925.58,organic_Mexico
2025-04-27,México,paid_search,1453.88,paid_search_Mexico
2025-04-27,México,social,1422.36,social_Mexico
2025-04-28,Argentina,organic,585.09,organic_Argentina
2025-04-28,Argentina,paid_search,670.13,paid_search_Argentina
2025-04-28,Argentina,social,2376.12,social_Argentina
2025-04-28,Colombia,organic,1066.53,organic_Colombia
2025-04-28,Colombia,paid_search,1300.17,paid_search_Colombia
2025-04-28,Colombia,social,2651.21,social_Colombia
2025-04-28,México,organic,2818.57,organic_Mexico
2025-04-28,México,paid_search,1961.82,paid_search_Mexico
2025-04-28,México,social,2663.32,social_Mexico
2025-04-29,Argentina,organic,1610.19,organic_Argentina
2025-04-29,Argentina,paid_search,1890.25,paid_search_Argentina
2025-04-29,Argentina,social,1623.33,social_Argentina
2025-04-29,Colombia,organic,1671.9,organic_Colombia
2025-04-29,Colombia,paid_search,1337.15,paid_search_Colombia
2025-04-29,Colombia,social,1267.94,social_Colombia
2025-04-29,México,organic,1225.31,organic_Mexico
2025-04-29,México,paid_search,2709.97,paid_search_Mexico
2025-04-29,México,social,1925.3,social_Mexico
2025-04-30,Argentina,organic,846.33,organic_Argentina
2025-04-30,Argentina,paid_search,864.43,paid_search_Argentina
2025-04-30,Argentina,social,1739.55,social_Argentina
2025-04-30,Colombia,organic,2917.53,organic_Colombia
2025-04-30,Colombia,paid_search,935.46,paid_search_Colombia
2025-04-30,Colombia,social,1029.55,social_Colombia
2025-04-30,México,organic,2916.94,organic_Mexico
2025-04-30,México,paid_search,1338.84,paid_search_Mexico
2025-04-30,México,social,1012.43,social_Mexico
2025-05-01,Argentina,organic,1148.26,organic_Argentina
2025-05-01,Argentina,paid_search,1649.66,paid_search_Argentina
2025-05-01,Argentina,social,2990.09,social_Argentina
2025-05-01,Colombia,organic,2406.33,organic_Colombia
2025-05-01,Colombia,paid_search,2467.79,paid_search_Colombia
2025-05-01,Colombia,social,2588.51,social_Colombia
2025-05-01,México,organic,2851.59,organic_Mexico
2025-05-01,México,paid_search,569.82,paid_search_Mexico
2025-05-01,México,social,2902.12,social_Mexico
2025-05-02,Argentina,organic,1571.99,organic_Argentina
2025-05-02,Argentina,paid_search,788.42,paid_search_Argentina
2025-05-02,Argentina,social,2324.18,social_Argentina
2025-05-02,Colombia,organic,2704.59,organic_Colombia
2025-05-02,Colombia,paid_search,687.9,paid_search_Colombia
2025-05-02,Colombia,social,2240.67,social_Colombia
2025-05-02,México,organic,605.99,organic_Mexico
2025-05-02,México,paid_search,2974.84,paid_search_Mexico
2025-05-02,México,social,1826.62,social_Mexico
2025-05-03,Argentina,organic,2776.26,organic_Argentina
2025-05-03,Argentina,paid_search,2382.16,paid_search_Argentina
2025-05-03,Argentina,social,1460.05,social_Argentina
2025-05-03,Colombia,organic,1548.25,organic_Colombia
2025-05-03,Colombia,paid_search,769.59,paid_search_Colombia
2025-05-03,Colombia,social,1734.17,social_Colombia
2025-05-03,México,organic,1490.89,organic_Mexico
2025-05-03,México,paid_search,2040.14,paid_search_Mexico
2025-05-03,México,social,2587.21,social_Mexico
2025-05-04,Argentina,organic,2161.7,organic_Argentina
2025-05-04,Argentina,paid_search,1178.2,paid_search_Argentina
2025-05-04,Argentina,social,2052.55,social_Argentina
2025-05-04,Colombia,organic,2029.19,organic_Colombia
2025-05-04,Colombia,paid_search,1132.92,paid_search_Colombia
2025-05-04,Colombia,social,1393.33,social_Colombia
2025-05-04,México,organic,1466.42,organic_Mexico
2025-05-04,México,paid_search,1065.01,paid_search_Mexico
2025-05-04,México,social,700.87,social_Mexico
2025-05-05,Argentina,organic,2492.03,organic_Argentina
2025-05-05,Argentina,paid_search,1409.26,paid_search_Argentina
2025-05-05,Argentina,social,2637.56,social_Argentina
2025-05-05,Colombia,organic,2207.26,organic_Colombia
2025-05-05,Colombia,paid_search,2463.91,paid_search_Colombia
2025-05-05,Colombia,social,2980.48,social_Colombia
2025-05-05,México,organic,648.03,organic_Mexico
2025-05-05,México,paid_search,915.69,paid_search_Mexico
2025-05-05,México,social,2725.8,social_Mexico
2025-05-06,Argentina,organic,2611.16,organic_Argentina
2025-05-06,Argentina,paid_search,1580.81,paid_search_Argentina
2025-05-06,Argentina,social,1228.31,social_Argentina
2025-05-06,Colombia,organic,520.49,organic_Colombia
2025-05-06,Colombia,paid_search,1042.26,paid_search_Colombia
2025-05-06,Colombia,social,653.36,social_Colombia
2025-05-06,México,organic,1336.86,organic_Mexico
2025-05-06,México,paid_search,2663.57,paid_search_Mexico
2025-05-06,México,social,946.67,social_Mexico
2025-05-07,Argentina,organic,2772.91,organic_Argentina
2025-05-07,Argentina,paid_search,2061.54,paid_search_Argentina
2025-05-07,Argentina,social,2218.4,social_Argentina
2025-05-07,Colombia,organic,1674.2,organic_Colombia
2025-05-07,Colombia,paid_search,1327.55,paid_search_Colombia
2025-05-07,Colombia,social,2228.71,social_Colombia
2025-05-07,México,organic,2014.7,organic_Mexico
2025-05-07,México,paid_search,2238.21,paid_search_Mexico
2025-05-07,México,social,722.6,social_Mexico
2025-05-08,Argentina,organic,2741.98,organic_Argentina
2025-05-08,Argentina,paid_search,1489.06,paid_search_Argentina
2025-05-08,Argentina,social,2060.3,social_Argentina
2025-05-08,Colombia,organic,1892.26,organic_Colombia
2025-05-08,Colombia,paid_search,536.75,paid_search_Colombia
2025-05-08,Colombia,social,1977.14,social_Colombia
2025-05-08,México,organic,1128.41,organic_Mexico
2025-05-08,México,paid_search,2908.08,paid_search_Mexico
2025-05-08,México,social,2143.51,social_Mexico
2025-05-09,Argentina,organic,2696.62,organic_Argentina
2025-05-09,Argentina,paid_search,528.67,paid_search_Argentina
2025-05-09,Argentina,social,2486.07,social_Argentina
2025-05-09,Colombia,organic,2252.03,organic_Colombia
2025-05-09,Colombia,paid_search,1082.27,paid_search_Colombia
2025-05-09,Colombia,social,2115.25,social_Colombia
2025-05-09,México,organic,2806.78,organic_Mexico
2025-05-09,México,paid_search,846.95,paid_search_Mexico
2025-05-09,México,social,2427.19,social_Mexico
2025-05-10,Argentina,organic,2902.08,organic_Argentina
2025-05-10,Argentina,paid_search,1284.93,paid_search_Argentina
2025-05-10,Argentina,social,1796.13,social_Argentina
2025-05-10,Colombia,organic,986.84,organic_Colombia
2025-05-10,Colombia,paid_search,1028.75,paid_search_Colombia
2025-05-10,Colombia,social,2922.73,social_Colombia
2025-05-10,México,organic,943.36,organic_Mexico
2025-05-10,México,paid_search,2752.24,paid_search_Mexico
2025-05-10,México,social,1276.47,social_Mexico
2025-05-11,Argentina,organic,2695.02,organic_Argentina
2025-05-11,Argentina,paid_search,677.93,paid_search_Argentina
2025-05-11,Argentina,social,677.76,social_Argentina
2025-05-11,Colombia,organic,2304.82,organic_Colombia
2025-05-11,Colombia,paid_search,1421.99,paid_search_Colombia
2025-05-11,Colombia,social,2824.1,social_Colombia
2025-05-11,México,organic,1870.08,organic_Mexico
2025-05-11,México,paid_search,2289.29,paid_search_Mexico
2025-05-11,México,social,716.33,social_Mexico
2025-05-12,Argentina,organic,1437.93,organic_Argentina
2025-05-12,Argentina,paid_search,1738.81,paid_search_Argentina
2025-05-12,Argentina,social,2890.26,social_Argentina
2025-05-12,Colombia,organic,2519.44,organic_Colombia
2025-05-12,Colombia,paid_search,896.64,paid_search_Colombia
2025-05-12,Colombia,social,1514.16,social_Colombia
2025-05-12,México,organic,1340.68,organic_Mexico
2025-05-12,México,paid_search,948.06,paid_search_Mexico
2025-05-12,México,social,2736.4,social_Mexico
2025-05-13,Argentina,organic,2682.01,organic_Argentina
2025-05-13,Argentina,paid_search,1562.02,paid_search_Argentina
2025-05-13,Argentina,social,1491.82,social_Argentina
2025-05-13,Colombia,organic,1160.03,organic_Colombia
2025-05-13,Colombia,paid_search,569.62,paid_search_Colombia
2025-05-13,Colombia,social,1713.05,social_Colombia
2025-05-13,México,organic,1353.06,organic_Mexico
2025-05-13,México,paid_search,1463.94,paid_search_Mexico
2025-05-13,México,social,2993.12,social_Mexico
2025-05-14,Argentina,organic,1480.95,organic_Argentina
2025-05-14,Argentina,paid_search,744.87,paid_search_Argentina
2025-05-14,Argentina,social,1588.79,social_Argentina
2025-05-14,Colombia,organic,2494.83,organic_Colombia
2025-05-14,Colombia,paid_search,1619.94,paid_search_Colombia
2025-05-14,Colombia,social,1461.46,social_Colombia
2025-05-14,México,organic,555.63,organic_Mexico
2025-05-14,México,paid_search,1828.94,paid_search_Mexico
2025-05-14,México,social,904.55,social_Mexico
2025-05-15,Argentina,organic,935.04,organic_Argentina
2025-05-15,Argentina,paid_search,2161.22,paid_search_Argentina
2025-05-15,Argentina,social,1669.26,social_Argentina
2025-05-15,Colombia,organic,2601.03,organic_Colombia
2025-05-15,Colombia,paid_search,1583.01,paid_search_Colombia
2025-05-15,Colombia,social,1759.73,social_Colombia
2025-05-15,México,organic,2692.4,organic_Mexico
2025-05-15,México,paid_search,2424.47,paid_search_Mexico
2025-05-15,México,social,1111.38,social_Mexico
2025-05-16,Argentina,organic,1048.0,organic_Argentina
2025-05-16,Argentina,paid_search,2579.89,paid_search_Argentina
2025-05-16,Argentina,social,2551.62,social_Argentina
2025-05-16,Colombia,organic,2047.01,organic_Colombia
2025-05-16,Colombia,paid_search,2685.95,paid_search_Colombia
2025-05-16,Colombia,social,2198.65,social_Colombia
2025-05-16,México,organic,649.84,organic_Mexico
2025-05-16,México,paid_search,534.47,paid_search_Mexico
2025-05-16,México,social,2039.43,social_Mexico
2025-05-17,Argentina,organic,953.03,organic_Argentina
2025-05-17,Argentina,paid_search,1343.76,paid_search_Argentina
2025-05-17,Argentina,social,1654.8,social_Argentina
2025-05-17,Colombia,organic,584.3,organic_Colombia
2025-05-17,Colombia,paid_search,864.29,paid_search_Colombia
2025-05-17,Colombia,social,1205.25,social_Colombia
2025-05-17,México,organic,1267.54,organic_Mexico
2025-05-17,México,paid_search,1339.37,paid_search_Mexico
2025-05-17,México,social,806.06,social_Mexico
2025-05-18,Argentina,organic,2334.63,organic_Argentina
2025-05-18,Argentina,paid_search,794.44,paid_search_Argentina
2025-05-18,Argentina,social,1774.99,social_Argentina
2025-05-18,Colombia,organic,2298.38,organic_Colombia
2025-05-18,Colombia,paid_search,2778.11,paid_search_Colombia
2025-05-18,Colombia,social,1700.56,social_Colombia
2025-05-18,México,organic,2719.56,organic_Mexico
2025-05-18,México,paid_search,1818.64,paid_search_Mexico
2025-05-18,México,social,1877.49,social_Mexico
2025-05-19,Argentina,organic,1508.45,organic_Argentina
2025-05-19,Argentina,paid_search,2645.5,paid_search_Argentina
2025-05-19,Argentina,social,2103.7,social_Argentina
2025-05-19,Colombia,organic,2231.17,organic_Colombia
2025-05-19,Colombia,paid_search,553.81,paid_search_Colombia
2025-05-19,Colombia,social,974.02,social_Colombia
2025-05-19,México,organic,850.81,organic_Mexico
2025-05-19,México,paid_search,590.59,paid_search_Mexico
2025-05-19,México,social,2756.35,social_Mexico
2025-05-20,Argentina,organic,2849.67,organic_Argentina
2025-05-20,Argentina,paid_search,1692.0,paid_search_Argentina
2025-05-20,Argentina,social,2513.88,social_Argentina
2025-05-20,Colombia,organic,2737.81,organic_Colombia
2025-05-20,Colombia,paid_search,2262.06,paid_search_Colombia
2025-05-20,Colombia,social,2934.23,social_Colombia
2025-05-20,México,organic,2505.21,organic_Mexico
2025-05-20,México,paid_search,2822.48,paid_search_Mexico
2025-05-20,México,social,2785.53,social_Mexico
2025-05-21,Argentina,organic,2192.94,organic_Argentina
2025-05-21,Argentina,paid_search,1247.04,paid_search_Argentina
2025-05-21,Argentina,social,2490.14,social_Argentina
2025-05-21,Colombia,organic,872.31,organic_Colombia
2025-05-21,Colombia,paid_search,2826.54,paid_search_Colombia
2025-05-21,Colombia,social,1030.9,social_Colombia
2025-05-21,México,organic,2833.98,organic_Mexico
2025-05-21,México,paid_search,1621.4,paid_search_Mexico
2025-05-21,México,social,2366.04,social_Mexico
2025-05-22,Argentina,organic,2557.54,organic_Argentina
2025-05-22,Argentina,paid_search,2968.64,paid_search_Argentina
2025-05-22,Argentina,social,1678.44,social_Argentina
2025-05-22,Colombia,organic,1720.72,organic_Colombia
2025-05-22,Colombia,paid_search,1336.49,paid_search_Colombia
2025-05-22,Colombia,social,1603.92,social_Colombia
2025-05-22,México,organic,1672.35,organic_Mexico
2025-05-22,México,paid_search,1100.08,paid_search_Mexico
2025-05-22,México,social,1029.89,social_Mexico
2025-05-23,Argentina,organic,1732.6,organic_Argentina
2025-05-23,Argentina,paid_search,1618.97,paid_search_Argentina
2025-05-23,Argentina,social,2098.07,social_Argentina
2025-05-23,Colombia,organic,2696.41,organic_Colombia
2025-05-23,Colombia,paid_search,1322.1,paid_search_Colombia
2025-05-23,Colombia,social,678.08,social_Colombia
2025-05-23,México,organic,550.29,organic_Mexico
2025-05-23,México,paid_search,1009.53,paid_search_Mexico
2025-05-23,México,social,1282.33,social_Mexico
2025-05-24,Argentina,organic,1519.57,organic_Argentina
2025-05-24,Argentina,paid_search,2622.36,paid_search_Argentina
2025-05-24,Argentina,social,2281.24,social_Argentina
2025-05-24,Colombia,organic,1695.92,organic_Colombia
2025-05-24,Colombia,paid_search,1887.03,paid_search_Colombia
2025-05-24,Colombia,social,625.91,social_Colombia
2025-05-24,México,organic,1797.3,organic_Mexico
2025-05-24,México,paid_search,1545.07,paid_search_Mexico
2025-05-24,México,social,2735.86,social_Mexico
2025-05-25,Argentina,organic,2834.03,organic_Argentina
2025-05-25,Argentina,paid_search,2488.85,paid_search_Argentina
2025-05-25,Argentina,social,2240.36,social_Argentina
2025-05-25,Colombia,organic,2647.84,organic_Colombia
2025-05-25,Colombia,paid_search,1784.58,paid_search_Colombia
2025-05-25,Colombia,social,2853.59,social_Colombia
2025-05-25,México,organic,2387.31,organic_Mexico
2025-05-25,México,paid_search,1069.36,paid_search_Mexico
2025-05-25,México,social,799.66,social_Mexico
2025-05-26,Argentina,organic,2906.99,organic_Argentina
2025-05-26,Argentina,paid_search,1369.21,paid_search_Argentina
2025-05-26,Argentina,social,2606.24,social_Argentina
2025-05-26,Colombia,organic,2263.14,organic_Colombia
2025-05-26,Colombia,paid_search,1254.68,paid_search_Colombia
2025-05-26,Colombia,social,2071.61,social_Colombia
2025-05-26,México,organic,2653.76,organic_Mexico
2025-05-26,México,paid_search,1351.59,paid_search_Mexico
2025-05-26,México,social,664.72,social_Mexico
2025-05-27,Argentina,organic,1926.89,organic_Argentina
2025-05-27,Argentina,paid_search,2790.81,paid_search_Argentina
2025-05-27,Argentina,social,1724.43,social_Argentina
2025-05-27,Colombia,organic,2432.6,organic_Colombia
2025-05-27,Colombia,paid_search,582.61,paid_search_Colombia
2025-05-27,Colombia,social,2443.26,social_Colombia
2025-05-27,México,organic,1656.06,organic_Mexico
2025-05-27,México,paid_search,1246.68,paid_search_Mexico
2025-05-27,México,social,1206.19,social_Mexico
2025-05-28,Argentina,organic,2205.17,organic_Argentina
2025-05-28,Argentina,paid_search,2309.76,paid_search_Argentina
2025-05-28,Argentina,social,2271.87,social_Argentina
2025-05-28,Colombia,organic,1734.94,organic_Colombia
2025-05-28,Colombia,paid_search,1077.24,paid_search_Colombia
2025-05-28,Colombia,social,1405.51,social_Colombia
2025-05-28,México,organic,2995.5,organic_Mexico
2025-05-28,México,paid_search,1088.51,paid_search_Mexico
2025-05-28,México,social,2325.29,social_Mexico
2025-05-29,Argentina,organic,2116.71,organic_Argentina
2025-05-29,Argentina,paid_search,2182.33,paid_search_Argentina
2025-05-29,Argentina,social,2670.69,social_Argentina
2025-05-29,Colombia,organic,1045.21,organic_Colombia
2025-05-29,Colombia,paid_search,2516.14,paid_search_Colombia
2025-05-29,Colombia,social,506.18,social_Colombia
2025-05-29,México,organic,1810.75,organic_Mexico
2025-05-29,México,paid_search,2825.93,paid_search_Mexico
2025-05-29,México,social,1697.25,social_Mexico
2025-05-30,Argentina,organic,1859.07,organic_Argentina
2025-05-30,Argentina,paid_search,592.18,paid_search_Argentina
2025-05-30,Argentina,social,1191.06,social_Argentina
2025-05-30,Colombia,organic,2334.39,organic_Colombia
2025-05-30,Colombia,paid_search,695.16,paid_search_Colombia
2025-05-30,Colombia,social,2092.71,social_Colombia
2025-05-30,México,organic,692.97,organic_Mexico
2025-05-30,México,paid_search,1358.02,paid_search_Mexico
2025-05-30,México,social,2506.24,social_Mexico
2025-05-31,Argentina,organic,2669.41,organic_Argentina
2025-05-31,Argentina,paid_search,1025.37,paid_search_Argentina
2025-05-31,Argentina,social,1108.82,social_Argentina
2025-05-31,Colombia,organic,1797.42,organic_Colombia
2025-05-31,Colombia,paid_search,562.07,paid_search_Colombia
2025-05-31,Colombia,social,2387.6,social_Colombia
2025-05-31,México,organic,1942.38,organic_Mexico
2025-05-31,México,paid_search,1467.8,paid_search_Mexico
2025-05-31,México,social,1531.98,social_Mexico
2025-06-01,Argentina,organic,2189.52,organic_Argentina
2025-06-01,Argentina,paid_search,2548.87,paid_search_Argentina
2025-06-01,Argentina,social,993.65,social_Argentina
2025-06-01,Colombia,organic,1548.67,organic_Colombia
2025-06-01,Colombia,paid_search,612.13,paid_search_Colombia
2025-06-01,Colombia,social,1717.04,social_Colombia
2025-06-01,México,organic,1673.57,organic_Mexico
2025-06-01,México,paid_search,637.16,paid_search_Mexico
2025-06-01,México,social,2422.35,social_Mexico
2025-06-02,Argentina,organic,2387.47,organic_Argentina
2025-06-02,Argentina,paid_search,1930.52,paid_search_Argentina
2025-06-02,Argentina,social,1031.22,social_Argentina
2025-06-02,Colombia,organic,2681.38,organic_Colombia
2025-06-02,Colombia,paid_search,1023.03,paid_search_Colombia
2025-06-02,Colombia,social,1836.83,social_Colombia
2025-06-02,México,organic,934.5,organic_Mexico
2025-06-02,México,paid_search,2367.47,paid_search_Mexico
2025-06-02,México,social,1462.54,social_Mexico
2025-06-03,Argentina,organic,2925.69,organic_Argentina
2025-06-03,Argentina,paid_search,958.07,paid_search_Argentina
2025-06-03,Argentina,social,1508.93,social_Argentina
2025-06-03,Colombia,organic,2588.45,organic_Colombia
2025-06-03,Colombia,paid_search,712.35,paid_search_Colombia
2025-06-03,Colombia,social,922.31,social_Colombia
2025-06-03,México,organic,1565.05,organic_Mexico
2025-06-03,México,paid_search,2135.76,paid_search_Mexico
2025-06-03,México,social,2859.48,social_Mexico
2025-06-04,Argentina,organic,1363.94,organic_Argentina
2025-06-04,Argentina,paid_search,2422.22,paid_search_Argentina
2025-06-04,Argentina,social,2890.15,social_Argentina
2025-06-04,Colombia,organic,2483.33,organic_Colombia
2025-06-04,Colombia,paid_search,501.11,paid_search_Colombia
2025-06-04,Colombia,social,2420.58,social_Colombia
2025-06-04,México,organic,1536.77,organic_Mexico
2025-06-04,México,paid_search,2973.71,paid_search_Mexico
2025-06-04,México,social,1561.77,social_Mexico
2025-06-05,Argentina,organic,2236.3,organic_Argentina
2025-06-05,Argentina,paid_search,523.77,paid_search_Argentina
2025-06-05,Argentina,social,2544.31,social_Argentina
2025-06-05,Colombia,organic,2299.54,organic_Colombia
2025-06-05,Colombia,paid_search,597.26,paid_search_Colombia
2025-06-05,Colombia,social,1469.55,social_Colombia
2025-06-05,México,organic,2492.62,organic_Mexico
2025-06-05,México,paid_search,2019.64,paid_search_Mexico
2025-06-05,México,social,2219.87,social_Mexico
2025-06-06,Argentina,organic,2485.9,organic_Argentina
2025-06-06,Argentina,paid_search,1014.75,paid_search_Argentina
2025-06-06,Argentina,social,2983.78,social_Argentina
2025-06-06,Colombia,organic,2780.37,organic_Colombia
2025-06-06,Colombia,paid_search,1257.14,paid_search_Colombia
2025-06-06,Colombia,social,2852.37,social_Colombia
2025-06-06,México,organic,1610.46,organic_Mexico
2025-06-06,México,paid_search,2842.06,paid_search_Mexico
2025-06-06,México,social,1239.46,social_Mexico
2025-06-07,Argentina,organic,1116.45,organic_Argentina
2025-06-07,Argentina,paid_search,2597.03,paid_search_Argentina
2025-06-07,Argentina,social,2492.18,social_Argentina
2025-06-07,Colombia,organic,2888.17,organic_Colombia
2025-06-07,Colombia,paid_search,1153.74,paid_search_Colombia
2025-06-07,Colombia,social,1937.7,social_Colombia
2025-06-07,México,organic,2390.92,organic_Mexico
2025-06-07,México,paid_search,2486.44,paid_search_Mexico
2025-06-07,México,social,1639.31,social_Mexico
2025-06-08,Argentina,organic,1893.47,organic_Argentina
2025-06-08,Argentina,paid_search,2700.21,paid_search_Argentina
2025-06-08,Argentina,social,2005.16,social_Argentina
2025-06-08,Colombia,organic,2909.76,organic_Colombia
2025-06-08,Colombia,paid_search,502.16,paid_search_Colombia
2025-06-08,Colombia,social,807.17,social_Colombia
2025-06-08,México,organic,1674.24,organic_Mexico
2025-06-08,México,paid_search,1887.81,paid_search_Mexico
2025-06-08,México,social,2762.42,social_Mexico
2025-06-09,Argentina,organic,762.88,organic_Argentina
2025-06-09,Argentina,paid_search,1101.96,paid_search_Argentina
2025-06-09,Argentina,social,2775.27,social_Argentina
2025-06-09,Colombia,organic,1037.71,organic_Colombia
2025-06-09,Colombia,paid_search,1611.78,paid_search_Colombia
2025-06-09,Colombia,social,2854.66,social_Colombia
2025-06-09,México,organic,1256.45,organic_Mexico
2025-06-09,México,paid_search,2957.49,paid_search_Mexico
2025-06-09,México,social,1123.02,social_Mexico
2025-06-10,Argentina,organic,527.76,organic_Argentina
2025-06-10,Argentina,paid_search,684.98,paid_search_Argentina
2025-06-10,Argentina,social,1927.11,social_Argentina
2025-06-10,Colombia,organic,2227.03,organic_Colombia
2025-06-10,Colombia,paid_search,2773.81,paid_search_Colombia
2025-06-10,Colombia,social,2018.03,social_Colombia
2025-06-10,México,organic,2752.72,organic_Mexico
2025-06-10,México,paid_search,1688.89,paid_search_Mexico
2025-06-10,México,social,1272.65,social_Mexico
2025-06-11,Argentina,organic,986.14,organic_Argentina
2025-06-11,Argentina,paid_search,1927.7,paid_search_Argentina
2025-06-11,Argentina,social,2579.28,social_Argentina
2025-06-11,Colombia,organic,2112.63,organic_Colombia
2025-06-11,Colombia,paid_search,1298.34,paid_search_Colombia
2025-06-11,Colombia,social,2049.25,social_Colombia
2025-06-11,México,organic,912.34,organic_Mexico
2025-06-11,México,paid_search,524.14,paid_search_Mexico
2025-06-11,México,social,2277.27,social_Mexico
2025-06-12,Argentina,organic,1384.07,organic_Argentina
2025-06-12,Argentina,paid_search,2984.53,paid_search_Argentina
2025-06-12,Argentina,social,2811.33,social_Argentina
2025-06-12,Colombia,organic,1308.91,organic_Colombia
2025-06-12,Colombia,paid_search,1044.05,paid_search_Colombia
2025-06-12,Colombia,social,1803.99,social_Colombia
2025-06-12,México,organic,2889.05,organic_Mexico
2025-06-12,México,paid_search,1598.76,paid_search_Mexico
2025-06-12,México,social,1243.83,social_Mexico
2025-06-13,Argentina,organic,2306.18,organic_Argentina
2025-06-13,Argentina,paid_search,942.08,paid_search_Argentina
2025-06-13,Argentina,social,2132.96,social_Argentina
2025-06-13,Colombia,organic,543.52,organic_Colombia
2025-06-13,Colombia,paid_search,1228.95,paid_search_Colombia
2025-06-13,Colombia,social,1898.16,social_Colombia
2025-06-13,México,organic,2211.3,organic_Mexico
2025-06-13,México,paid_search,1032.4,paid_search_Mexico
2025-06-13,México,social,1603.73,social_Mexico
2025-06-14,Argentina,organic,2427.72,organic_Argentina
2025-06-14,Argentina,paid_search,518.16,paid_search_Argentina
2025-06-14,Argentina,social,2533.02,social_Argentina
2025-06-14,Colombia,organic,604.16,organic_Colombia
2025-06-14,Colombia,paid_search,2595.35,paid_search_Colombia
2025-06-14,Colombia,social,1715.34,social_Colombia
2025-06-14,México,organic,1816.1,organic_Mexico
2025-06-14,México,paid_search,820.87,paid_search_Mexico
2025-06-14,México,social,1961.57,social_Mexico
2025-06-15,Argentina,organic,1865.91,organic_Argentina
2025-06-15,Argentina,paid_search,2844.48,paid_search_Argentina
2025-06-15,Argentina,social,2870.27,social_Argentina
2025-06-15,Colombia,organic,2891.53,organic_Colombia
2025-06-15,Colombia,paid_search,2538.57,paid_search_Colombia
2025-06-15,Colombia,social,731.83,social_Colombia
2025-06-15,México,organic,2553.92,organic_Mexico
2025-06-15,México,paid_search,1021.85,paid_search_Mexico
2025-06-15,México,social,1814.57,social_Mexico
2025-06-16,Argentina,organic,732.09,organic_Argentina
2025-06-16,Argentina,paid_search,992.57,paid_search_Argentina
2025-06-16,Argentina,social,2621.25,social_Argentina
2025-06-16,Colombia,organic,1126.89,organic_Colombia
2025-06-16,Colombia,paid_search,2119.47,paid_search_Colombia
2025-06-16,Colombia,social,1008.3,social_Colombia
2025-06-16,México,organic,2795.74,organic_Mexico
2025-06-16,México,paid_search,2636.82,paid_search_Mexico
2025-06-16,México,social,1619.8,social_Mexico
2025-06-17,Argentina,organic,1307.51,organic_Argentina
2025-06-17,Argentina,paid_search,842.72,paid_search_Argentina
2025-06-17,Argentina,social,841.3,social_Argentina
2025-06-17,Colombia,organic,2806.85,organic_Colombia
2025-06-17,Colombia,paid_search,2593.84,paid_search_Colombia
2025-06-17,Colombia,social,2328.96,social_Colombia
2025-06-17,México,organic,1076.9,organic_Mexico
2025-06-17,México,paid_search,2611.28,paid_search_Mexico
2025-06-17,México,social,559.38,social_Mexico
2025-06-18,Argentina,organic,2457.2,organic_Argentina
2025-06-18,Argentina,paid_search,2445.88,paid_search_Argentina
2025-06-18,Argentina,social,2330.78,social_Argentina
2025-06-18,Colombia,organic,814.26,organic_Colombia
2025-06-18,Colombia,paid_search,2220.44,paid_search_Colombia
2025-06-18,Colombia,social,802.92,social_Colombia
2025-06-18,México,organic,1378.56,organic_Mexico
2025-06-18,México,paid_search,1116.95,paid_search_Mexico
2025-06-18,México,social,954.14,social_Mexico
2025-06-19,Argentina,organic,936.72,organic_Argentina
2025-06-19,Argentina,paid_search,1731.35,paid_search_Argentina
2025-06-19,Argentina,social,785.3,social_Argentina
2025-06-19,Colombia,organic,863.35,organic_Colombia
2025-06-19,Colombia,paid_search,1876.5,paid_search_Colombia
2025-06-19,Colombia,social,832.89,social_Colombia
2025-06-19,México,organic,1956.53,organic_Mexico
2025-06-19,México,paid_search,749.69,paid_search_Mexico
2025-06-19,México,social,1757.67,social_Mexico
2025-06-20,Argentina,organic,1517.75,organic_Argentina
2025-06-20,Argentina,paid_search,2499.17,paid_search_Argentina
2025-06-20,Argentina,social,1106.19,social_Argentina
2025-06-20,Colombia,organic,1980.55,organic_Colombia
2025-06-20,Colombia,paid_search,2529.79,paid_search_Colombia
2025-06-20,Colombia,social,691.0,social_Colombia
2025-06-20,México,organic,1653.3,organic_Mexico
2025-06-20,México,paid_search,664.77,paid_search_Mexico
2025-06-20,México,social,2609.28,social_Mexico
2025-06-21,Argentina,organic,2446.27,organic_Argentina
2025-06-21,Argentina,paid_search,2395.77,paid_search_Argentina
2025-06-21,Argentina,social,1958.27,social_Argentina
2025-06-21,Colombia,organic,644.86,organic_Colombia
2025-06-21,Colombia,paid_search,2932.41,paid_search_Colombia
2025-06-21,Colombia,social,501.2,social_Colombia
2025-06-21,México,organic,1279.96,organic_Mexico
2025-06-21,México,paid_search,2906.57,paid_search_Mexico
2025-06-21,México,social,1648.41,social_Mexico
2025-06-22,Argentina,organic,1051.75,organic_Argentina
2025-06-22,Argentina,paid_search,1208.51,paid_search_Argentina
2025-06-22,Argentina,social,2971.94,social_Argentina
2025-06-22,Colombia,organic,2624.19,organic_Colombia
2025-06-22,Colombia,paid_search,2886.89,paid_search_Colombia
2025-06-22,Colombia,social,2249.27,social_Colombia
2025-06-22,México,organic,2326.95,organic_Mexico
2025-06-22,México,paid_search,645.63,paid_search_Mexico
2025-06-22,México,social,2318.65,social_Mexico
2025-06-23,Argentina,organic,2223.45,organic_Argentina
2025-06-23,Argentina,paid_search,1762.47,paid_search_Argentina
2025-06-23,Argentina,social,1278.59,social_Argentina
2025-06-23,Colombia,organic,2112.28,organic_Colombia
2025-06-23,Colombia,paid_search,1505.72,paid_search_Colombia
2025-06-23,Colombia,social,2059.52,social_Colombia
2025-06-23,México,organic,1971.96,organic_Mexico
2025-06-23,México,paid_search,1971.58,paid_search_Mexico
2025-06-23,México,social,2203.73,social_Mexico
2025-06-24,Argentina,organic,874.55,organic_Argentina
2025-06-24,Argentina,paid_search,1275.32,paid_search_Argentina
2025-06-24,Argentina,social,1307.17,social_Argentina
2025-06-24,Colombia,organic,2177.79,organic_Colombia
2025-06-24,Colombia,paid_search,2921.33,paid_search_Colombia
2025-06-24,Colombia,social,2656.93,social_Colombia
2025-06-24,México,organic,613.19,organic_Mexico
2025-06-24,México,paid_search,753.98,paid_search_Mexico
2025-06-24,México,social,1732.11,social_Mexico
2025-06-25,Argentina,organic,2107.53,organic_Argentina
2025-06-25,Argentina,paid_search,1993.72,paid_search_Argentina
2025-06-25,Argentina,social,1721.23,social_Argentina
2025-06-25,Colombia,organic,971.62,organic_Colombia
2025-06-25,Colombia,paid_search,1223.97,paid_search_Colombia
2025-06-25,Colombia,social,972.8,social_Colombia
2025-06-25,México,organic,2716.71,organic_Mexico
2025-06-25,México,paid_search,1350.21,paid_search_Mexico
2025-06-25,México,social,1153.8,social_Mexico
2025-06-26,Argentina,organic,1340.69,organic_Argentina
2025-06-26,Argentina,paid_search,1142.12,paid_search_Argentina
2025-06-26,Argentina,social,2637.71,social_Argentina
2025-06-26,Colombia,organic,1966.94,organic_Colombia
2025-06-26,Colombia,paid_search,1824.4,paid_search_Colombia
2025-06-26,Colombia,social,1999.51,social_Colombia
2025-06-26,México,organic,2477.24,organic_Mexico
2025-06-26,México,paid_search,2638.78,paid_search_Mexico
2025-06-26,México,social,2981.76,social_Mexico
2025-06-27,Argentina,organic,1624.72,organic_Argentina
2025-06-27,Argentina,paid_search,1935.25,paid_search_Argentina
2025-06-27,Argentina,social,2028.72,social_Argentina
2025-06-27,Colombia,organic,604.2,organic_Colombia
2025-06-27,Colombia,paid_search,543.84,paid_search_Colombia
2025-06-27,Colombia,social,1466.38,social_Colombia
2025-06-27,México,organic,2044.12,organic_Mexico
2025-06-27,México,paid_search,2136.52,paid_search_Mexico
2025-06-27,México,social,2063.86,social_Mexico
2025-06-28,Argentina,organic,1510.53,organic_Argentina
2025-06-28,Argentina,paid_search,2740.81,paid_search_Argentina
2025-06-28,Argentina,social,861.63,social_Argentina
2025-06-28,Colombia,organic,1609.7,organic_Colombia
2025-06-28,Colombia,paid_search,784.54,paid_search_Colombia
2025-06-28,Colombia,social,1680.95,social_Colombia
2025-06-28,México,organic,2913.17,organic_Mexico
2025-06-28,México,paid_search,2927.68,paid_search_Mexico
2025-06-28,México,social,1489.55,social_Mexico
2025-06-29,Argentina,organic,1267.14,organic_Argentina
2025-06-29,Argentina,paid_search,2719.41,paid_search_Argentina
2025-06-29,Argentina,social,621.01,social_Argentina
2025-06-29,Colombia,organic,2285.99,organic_Colombia
2025-06-29,Colombia,paid_search,550.5,paid_search_Colombia
2025-06-29,Colombia,social,999.15,social_Colombia
2025-06-29,México,organic,1606.43,organic_Mexico
2025-06-29,México,paid_search,2064.42,paid_search_Mexico
2025-06-29,México,social,1619.55,social_Mexico
